Book Id,Title,Author,Author l-f,Additional Authors,ISBN,ISBN13,My Rating,Publisher,Binding,Number of Pages,Year Published,Original Publication Year,Date Read,Date Added,Bookshelves,Bookshelves with positions,Exclusive Shelf,My Review,Spoiler,Private Notes,Read Count,Owned Copies
588495,Dracula,Bram Stoker,"Stoker, Bram","Maurice Hindle, Christopher Frayling","=""""","=""""",0,Penguin Classics,Paperback,454,2003,1897,2026/08/03,2025/08/26,,,read,,,,1,0
242254488,Bullfight (Pushkin Press Classics),Yasushi Inoue,"Inoue, Yasushi",Michael Emmerich,"=""1805332023""","=""9781805332022""",4.0,Pushkin Press Classics,Paperback,128,2026,1949,2026/07/29,2026/07/29,,,read,,,,1,0
28923,When We Were Orphans,Kazuo Ishiguro,"Ishiguro, Kazuo",,"=""0571225403""","=""9780571225408""",5.0,Faber & Faber,Paperback,320,2005,2000,2026/07/29,2026/07/29,,,read,,,,1,0
57143821,Klara and the Sun,Kazuo Ishiguro,"Ishiguro, Kazuo",,"=""0571364888""","=""9780571364886""",0,Faber & Faber,Paperback,307,2021,2021,,2026/07/29,to-read,to-read (#337),to-read,,,,0,0
27333,Silent Spring,Rachel Carson,"Carson, Rachel",,"=""""","=""""",0,Mariner Books,Paperback,378,2002,1962,,2026/06/27,to-read,to-read (#336),to-read,,,,0,0
54254630,Season of Migration to the North,Tayeb Salih,"Salih, Tayeb",,"=""0141187204""","=""9780141187204""",0,Penguin Classics,Paperback,192,2003,1966,2026/05/21,2026/04/13,,,read,,,,1,0
58662236,Small Things Like These,Claire Keegan,"Keegan, Claire",,"=""0802158749""","=""9780802158741""",0,Grove Press,Hardcover,118,2021,2021,,2026/05/03,to-read,to-read (#335),to-read,,,,0,0
20893314,A Brief History of Seven Killings,Marlon James,"James, Marlon",,"=""159448600X""","=""9781594486005""",0,Riverhead Books,Hardcover,688,2014,2014,,2026/04/23,to-read,to-read (#334),to-read,,,,0,0
34051011,Pachinko,Min Jin Lee,"Lee, Min Jin",,"=""""","=""""",0,Grand Central Publishing,Kindle Edition,496,2017,2017,2026/04/12,2024/09/20,,,read,,,,1,0
609478,A Month in the Country,J.L. Carr,"Carr, J.L.",,"=""""","=""""",0,Penguin Books Ltd,Paperback,104,2014,1980,2026/02/05,2026/02/05,,,read,,,,2,0
216926790,The Orchards of Basra,Mansoura Ez-Eldin,"Ez-Eldin, Mansoura",Paul Starkey,"=""1623716217""","=""9781623716219""",4.0,Interlink Books,Paperback,183,2025,2020,2025/12/26,2025/12/21,,,read,,,,1,0
125078574,Probabilistic Machine Learning: Advanced Topics (Adaptive Computation and Machine Learning series),Kevin P. Murphy,"Murphy, Kevin P.",,"=""""","=""9780262048439""",0,The MIT Press,Hardcover,1360,2023,,,2025/10/07,"to-read, textbooks","to-read (#312), textbooks (#8)",to-read,,,,0,0
21400742,Outline,Rachel Cusk,"Cusk, Rachel",,"=""0571233627""","=""9780571233625""",0,Faber & Faber,Hardcover,249,2014,2014,,2026/02/14,to-read,to-read (#333),to-read,,,,0,0
226381542,Helm,Sarah Hall,"Hall, Sarah",,"=""0063439948""","=""9780063439948""",0,Mariner Books,Hardcover,368,2025,2025,,2026/02/05,to-read,to-read (#332),to-read,,,,0,0
53223710,Heaven,Mieko Kawakami,"Kawakami, Mieko","Sam Bett, David  Boyd","=""1609456211""","=""9781609456214""",0,Europa Editions,Hardcover,192,2021,2009,,2026/02/01,to-read,to-read (#331),to-read,,,,0,0
36053646,Kitchen,Banana Yoshimoto,"Yoshimoto, Banana",Megan Backus,"=""""","=""""",5.0,Faber & Faber,Paperback,160,2018,1988,2026/02/01,2024/10/07,,,read,,,,1,0
216392156,Ice,Anna Kavan,"Kavan, Anna",Christopher Priest,"=""1805330985""","=""9781805330981""",5.0,Pushkin Press Classics,Paperback,192,2025,1967,2026/01/27,2026/01/15,,,read,,,,1,0
37004370,The Memory Police,Yōko Ogawa,"Ogawa, Yōko",Stephen    Snyder,"=""1101870605""","=""9781101870600""",0,Pantheon,Hardcover,274,2019,1994,,2026/01/25,to-read,to-read (#330),to-read,,,,0,0
218703013,Revenge,Yōko Ogawa,"Ogawa, Yōko",,"=""1529949106""","=""9781529949100""",4.0,Vintage Editions,Paperback,168,2024,1998,2026/01/14,2026/01/12,,,read,,,,1,0
40655312,Heat Wave,Penelope Lively,"Lively, Penelope",,"=""""","=""""",4.0,Penguin Modern Classics,Unknown Binding,184,2018,1996,2026/01/09,2026/01/09,shelf,shelf (#40),read,,,,1,0
16631,Steppenwolf,Hermann Hesse,"Hesse, Hermann",Basil Creighton,"=""0140282580""","=""9780140282580""",0,Penguin,Paperback,256,1999,1927,,2026/01/14,to-read,to-read (#329),to-read,,,,0,0
52036,Siddhartha,Hermann Hesse,"Hesse, Hermann",Hilda Rosner,"=""""","=""""",0,Bantam Books,Mass Market Paperback,152,1981,1922,,2026/01/14,to-read,to-read (#328),to-read,,,,0,0
10534,The Art of War,Sun Tzu,"Tzu, Sun",Thomas Cleary,"=""""","=""""",0,Harper Press,Paperback,170,2005,-500,,2026/01/14,to-read,to-read (#327),to-read,,,,0,0
18423,The Left Hand of Darkness,Ursula K. Le Guin,"Guin, Ursula K. Le",,"=""""","=""""",0,Ace,Paperback,304,2000,1969,,2026/01/14,to-read,to-read (#326),to-read,,,,0,0
210223811,Katabasis,R.F. Kuang,"Kuang, R.F.",,"=""""","=""""",0,HarperVoyager,Kindle Edition,559,2025,2025,,2026/01/14,to-read,to-read (#325),to-read,,,,0,0
220450463,The Aeneid,Virgil,"Virgil, Virgil","Scott McGill, Susannah Wright, Emily Wilson","=""1324096446""","=""9781324096443""",0,Liveright,Kindle Edition,505,2025,-19,,2026/01/14,to-read,to-read (#324),to-read,,,,0,0
19351,The Epic of Gilgamesh,Unknown,"Unknown, Unknown","N.K. Sandars, John Maier, Herbert Mason, John H. Marks, Morris Jastrow Jr.","=""0141026286""","=""9780141026282""",0,Penguin Books Limited,Paperback,72,2006,-1800,,2026/01/14,to-read,to-read (#323),to-read,,,,0,0
1715,Metamorphoses,Ovid,"Ovid, Ovid","David Raeburn, Denis Feeney","=""014044789X""","=""9780140447897""",0,Penguin,Paperback,723,2004,8,,2026/01/14,to-read,to-read (#322),to-read,,,,0,0
61884838,Atalanta,Jennifer Saint,"Saint, Jennifer",,"=""1250855578""","=""9781250855572""",0,Flatiron Books,Hardcover,304,2023,2023,,2026/01/14,to-read,to-read (#321),to-read,,,,0,0
17645,The Penelopiad,Margaret Atwood,"Atwood, Margaret",,"=""1841957178""","=""9781841957173""",0,Canongate U.S.,Hardcover,198,2005,2005,,2026/01/14,to-read,to-read (#320),to-read,,,,0,0
3103,Maurice,E.M. Forster,"Forster, E.M.",,"=""0393310329""","=""9780393310320""",0,W. W. Norton  Company,Paperback,256,2005,1971,,2026/01/14,to-read,to-read (#319),to-read,,,,0,0
15055,Oranges Are Not the Only Fruit,Jeanette Winterson,"Winterson, Jeanette",,"=""""","=""""",0,Grove Press,Paperback,176,1997,1985,,2026/01/14,to-read,to-read (#318),to-read,,,,0,0
4002159,"Double Cross (Noughts & Crosses, #4)",Malorie Blackman,"Blackman, Malorie",,"=""0385615515""","=""9780385615518""",0,Doubleday Childrens,Hardcover,480,2009,2008,,2026/01/14,,,read,,,,1,0
300045,"Checkmate (Noughts & Crosses, #3)",Malorie Blackman,"Blackman, Malorie",,"=""0552551945""","=""9780552551946""",0,Corgi,Paperback,512,2006,2005,,2026/01/14,,,read,,,,1,0
300044,"Knife Edge (Noughts & Crosses, #2)",Malorie Blackman,"Blackman, Malorie",,"=""0552548928""","=""9780552548922""",0,Corgi,Paperback,364,2005,2003,,2026/01/14,,,read,,,,1,0
999346,"Naughts & Crosses (Noughts & Crosses, #1)",Malorie Blackman,"Blackman, Malorie",,"=""1416900160""","=""9781416900160""",0,Simon Schuster Books for Young Readers,Hardcover,387,2005,2001,,2026/01/14,,,read,,,,1,0
26114444,Grief Is the Thing with Feathers,Max Porter,"Porter, Max",,"=""1555977413""","=""9781555977412""",0,Graywolf Press,Paperback,128,2016,2015,,2026/01/14,to-read,to-read (#317),to-read,,,,0,0
130028,Moon Tiger,Penelope Lively,"Lively, Penelope",,"=""0802135331""","=""9780802135339""",0,Grove Press,Paperback,224,1997,1987,,2026/01/09,to-read,to-read (#316),to-read,,,,0,0
3690088,The Nag Hammadi Scriptures,Unknown Nag Hammadi,"Hammadi, Unknown Nag","James M. Robinson, Marvin W. Meyer","=""0061626007""","=""9780061626005""",0,HarperOne,Paperback,864,2009,400,,2025/07/08,to-read,to-read (#275),to-read,,,,0,0
2500202,Arguments for Socialism,Tony Benn,"Benn, Tony",,"=""0140054898""","=""9780140054897""",0,Penguin Books,Paperback,208,1980,1979,,2025/12/12,to-read,to-read (#315),to-read,,,,0,0
123018721,Trust,Hernan Diaz,"Diaz, Hernan",,"=""0593420322""","=""9780593420324""",0,Riverhead Books,Paperback,416,2023,2022,,2025/11/20,to-read,to-read (#314),to-read,,,,0,0
34511849,Demian,Hermann Hesse,"Hesse, Hermann",W.J. Strachan,"=""0241307430""","=""9780241307434""",4.0,Penguin Classics,Paperback,135,2017,1919,2025/11/11,2025/11/11,,,read,,,,1,0
12904451,Kraken,China Miéville,"Miéville, China",,"=""""","=""""",4.0,Macmillan,Paperback,481,2010,2010,2023/08/17,2023/08/13,,,read,,,,1,0
12143354,The Man Who Mistook His Wife for a Hat,Oliver Sacks,"Sacks, Oliver",,"=""""","=""9781509881918""",4.0,Picador USA,Paperback,246,2011,1985,2024/01/22,2022/06/04,,,read,,,,1,0
219823412,Behind the Painting,Siburapha,"Siburapha, Siburapha",David Smyth,"=""0241694469""","=""9780241694466""",4.0,Penguin Classics,Paperback,128,2024,1936,2025/11/03,2025/11/03,,,read,,,,1,0
27543,Artificial Intelligence: A Modern Approach,Stuart Russell,"Russell, Stuart",Peter Norvig,"=""0137903952""","=""9780137903955""",0,Prentice Hall,Hardcover,1080,2003,1994,,2025/10/08,"to-read, textbooks","to-read (#313), textbooks (#9)",to-read,,,,0,0
58064710,Probabilistic Machine Learning: An Introduction (Adaptive Computation and Machine Learning series),Kevin P. Murphy,"Murphy, Kevin P.",,"=""0262046822""","=""9780262046824""",0,The MIT Press,Hardcover,864,2022,,,2025/10/07,"to-read, textbooks","to-read (#311), textbooks (#7)",to-read,,,,0,0
1933732,Fundamentals of Computer Graphics,Peter   Shirley,"Shirley, Peter",,"=""1568811241""","=""9781568811246""",0,A K Peters/CRC Press,Hardcover,392,2002,2002,,2025/10/07,"to-read, textbooks","to-read (#310), textbooks (#6)",to-read,,,,0,0
2355640,Computer Animation: Algorithms and Techniques (The Morgan Kaufmann Series in Computer Graphics),Rick Parent,"Parent, Rick",,"=""0125320000""","=""9780125320009""",0,Morgan Kaufmann,Hardcover,594,2007,2001,,2025/10/07,"to-read, textbooks","to-read (#309), textbooks (#5)",to-read,,,,0,0
148009,"The Elements of Statistical Learning: Data Mining, Inference, and Prediction",Trevor Hastie,"Hastie, Trevor","Robert Tibshirani, Jerome Friedman","=""0387952845""","=""9780387952840""",0,Springer,Hardcover,552,2003,2001,,2025/10/07,"to-read, textbooks","to-read (#308), textbooks (#4)",to-read,,,,0,0
15857489,Machine Learning: A Probabilistic Perspective,Kevin P. Murphy,"Murphy, Kevin P.",,"=""0262018020""","=""9780262018029""",0,The MIT Press,Hardcover,1104,2012,,,2025/10/07,"to-read, textbooks","to-read (#307), textbooks (#3)",to-read,,,,0,0
55881,Pattern Recognition and Machine Learning (Information Science and Statistics),Christopher M. Bishop,"Bishop, Christopher M.",,"=""0387310738""","=""9780387310732""",0,Springer,Hardcover,738,2006,,,2025/10/07,"textbooks, to-read","textbooks (#2), to-read (#306)",to-read,,,,0,0
24072897,Deep Learning,Ian Goodfellow,"Goodfellow, Ian","Yoshua Bengio, Aaron Courville","=""""","=""""",0,The MIT Press,ebook,787,2016,2016,,2024/02/02,"to-read, textbooks","to-read (#151), textbooks (#1)",to-read,,,,0,0
56041871,Brickmakers,Selva Almada,"Almada, Selva",Annie McDermott,"=""1913867064""","=""9781913867065""",0,Charco Press,Paperback,197,2021,2013,,2025/10/04,to-read,to-read (#305),to-read,,,,0,0
227945775,The Adventures of China Iron,Gabriela Cabezón Cámara,"Cámara, Gabriela Cabezón","Iona Macintyre, Fiona Macintosh","=""1999368428""","=""9781999368425""",5.0,Charco Press,Kindle Edition,120,2019,2017,2025/10/04,2025/10/02,,,read,Really enjoyed this book - especially the evocative descriptions of Argentine nature that permeates the storytelling. Not familiar with the original Martín Fierro so I imagine I missed out on a fair amount of symbolism but I enjoyed it nonetheless.,,,1,0
61326124,The Lost Rainforests of Britain,Guy Shrubsole,"Shrubsole, Guy",,"=""0008527954""","=""9780008527952""",0,William Collins,Hardcover,326,2022,2022,,2025/10/02,to-read,to-read (#304),to-read,,,,0,0
123557124,The Most Secret Memory of Men,Mohamed Mbougar Sarr,"Sarr, Mohamed Mbougar",Lara Vergnaud,"=""1668005689""","=""9781668005682""",0,Scribner Canada,Paperback,496,2023,2021,,2025/09/30,to-read,to-read (#303),to-read,,,,0,0
214986269,Hunchback,Saou Ichikawa,"Ichikawa, Saou",Polly Barton,"=""0593734718""","=""9780593734711""",0,Hogarth,Hardcover,112,2025,2023,,2025/09/29,to-read,to-read (#302),to-read,,,,0,0
217059399,Dead-End Memories,Banana Yoshimoto,"Yoshimoto, Banana",,"=""0571382339""","=""9780571382330""",5.0,Faber & Faber,Paperback,224,2024,2003,2025/09/29,2025/04/26,,,read,Short stories that turn the difficult times in life into small comforts ,,,1,0
1608281,The Symbiotic Planet : A New Look at Evolution,Lynn Margulis,"Margulis, Lynn",,"=""0753807858""","=""9780753807859""",0,Phoenix Paperbacks,Paperback,176,1999,1998,,2025/09/26,to-read,to-read (#301),to-read,,,,0,0
38242135,"AI Superpowers: China, Silicon Valley, and the New World Order",Kai-Fu Lee,"Lee, Kai-Fu",,"=""132854639X""","=""9781328546395""",0,Harper Business,Hardcover,255,2018,2018,,2025/09/26,to-read,to-read (#300),to-read,,,,0,0
199798154,Mastering AI: A Survival Guide to Our Superpowered Future,Jeremy Kahn,"Kahn, Jeremy",,"=""1668053322""","=""9781668053324""",0,Simon & Schuster,Hardcover,336,2024,2024,,2025/09/26,to-read,to-read (#299),to-read,,,,0,0
197525309,What the Wild Sea Can Be: The Future of the World’s Ocean,Helen Scales,"Scales, Helen",,"=""0802162991""","=""9780802162991""",0,Atlantic Monthly Press,Hardcover,320,2024,2024,,2025/09/26,to-read,to-read (#298),to-read,,,,0,0
13067966,The Animal Kingdom: A Very Short Introduction,Peter      Holland,"Holland, Peter",,"=""0199593213""","=""9780199593217""",0,Oxford University Press,Paperback,144,2012,2011,,2025/09/24,to-read,to-read (#297),to-read,,,,0,0
2723,The Years of Rice and Salt,Kim Stanley Robinson,"Robinson, Kim Stanley",,"=""0553580078""","=""9780553580075""",0,Bantam Books,Mass Market Paperback,763,2003,2002,,2025/09/24,to-read,to-read (#296),to-read,,,,0,0
44230,"The Silver Pigs (Marcus Didius Falco, #1)",Lindsey Davis,"Davis, Lindsey",,"=""031235777X""","=""9780312357771""",0,Minotaur Books,Mass Market Paperback,329,2006,1989,,2025/09/24,to-read,to-read (#295),to-read,,,,0,0
10837966,"Tribune of Rome (Vespasian, #1)",Robert Fabbri,"Fabbri, Robert",,"=""1848879091""","=""9781848879096""",0,Corvus,Hardcover,384,2011,2011,,2025/09/24,to-read,to-read (#294),to-read,,,,0,0
51893,Thus Spoke Zarathustra,Friedrich Nietzsche,"Nietzsche, Friedrich","Walter Kaufmann, Silvia Cecchini, Domenico Ciampoli","=""""","=""""",0,Penguin Books,Paperback,327,1978,1883,,2025/09/20,to-read,to-read (#293),to-read,,,,0,0
219265,"Le Morte D'Arthur, Volume I",Thomas Malory,"Malory, Thomas","Alfred W. Pollard, John Lawlor, William Caxton, Janet Cowen","=""0140430431""","=""9780140430431""",0,Penguin Books,Paperback,489,2004,1485,,2025/09/20,to-read,to-read (#292),to-read,,,,0,0
228083603,"Fly, Wild Swans: My Mother, Myself and China",Jung Chang,"Chang, Jung",,"=""0008661081""","=""9780008661083""",0,William Collins,Kindle Edition,315,2025,2025,,2025/09/18,to-read,to-read (#291),to-read,,,,0,0
1848,Wild Swans: Three Daughters of China,Jung Chang,"Chang, Jung",,"=""""","=""""",0,Simon & Schuster,Paperback,562,2003,1991,,2025/09/18,to-read,to-read (#290),to-read,,,,0,0
4326206,"Ghost Hunter (Chronicles of Ancient Darkness, #6)",Michelle Paver,"Paver, Michelle",,"=""1842551752""","=""9781842551752""",0,Orion Childrens,Hardcover,245,2009,2009,,2025/08/27,,,read,,,,1,0
3081438,"Oath Breaker (Chronicles of Ancient Darkness, #5)",Michelle Paver,"Paver, Michelle",,"=""1842551744""","=""9781842551745""",0,Orion Children's Books,Hardcover,224,2008,2008,,2025/08/27,,,read,,,,1,0
870821,"Outcast (Chronicles of Ancient Darkness, #4)",Michelle Paver,"Paver, Michelle",,"=""1842551736""","=""9781842551738""",0,Orion Childrens Books,Hardcover,224,2007,2007,,2025/08/27,,,read,,,,1,0
1223288,"Soul Eater (Chronicles of Ancient Darkness, #3)",Michelle Paver,"Paver, Michelle",,"=""1842551140""","=""9781842551141""",0,Orion Childrens,Paperback,276,2007,2006,,2025/08/27,,,read,,,,1,0
34866292,Spirit Walker (Chronicles of Ancient Darkness #2),Michelle Paver,"Paver, Michelle",,"=""1842555235""","=""9781842555231""",0,Orion Publishing Group,Paperback,288,2006,2005,,2025/08/27,,,read,,,,1,0
911865,Wolf Brother (Chronicles of Ancient Darkness #1),Michelle Paver,"Paver, Michelle",,"=""1842551310""","=""9781842551318""",0,Orion Children's Books,Paperback,242,2005,2004,,2025/08/27,,,read,,,,1,0
17061,Coraline,Neil Gaiman,"Gaiman, Neil",Dave McKean,"=""0061139378""","=""9780061139376""",0,William Morrow Paperbacks,Paperback,208,2006,2002,,2025/08/26,to-read,to-read (#289),to-read,,,,0,0
18335634,"Clockwork Princess (The Infernal Devices, #3)",Cassandra Clare,"Clare, Cassandra",,"=""1406321346""","=""9781406321340""",0,Walker Books Ltd,Paperback,567,2013,2013,,2025/08/26,,,read,,,,1,0
10025305,"Clockwork Prince (The Infernal Devices, #2)",Cassandra Clare,"Clare, Cassandra",,"=""1416975888""","=""9781416975885""",0,Margaret K. McElderry Books,Hardcover,498,2011,2011,,2025/08/26,,,read,,,,1,0
7171637,"Clockwork Angel (The Infernal Devices, #1)",Cassandra Clare,"Clare, Cassandra",,"=""1416975861""","=""9781416975861""",0,Margaret K. McElderry Books,Hardcover,479,2010,2010,,2025/08/26,,,read,,,,1,0
8755785,"City of Heavenly Fire (The Mortal Instruments, #6)",Cassandra Clare,"Clare, Cassandra",,"=""1481426303""","=""9781481426305""",0,Margaret K. McElderry Books,Hardcover,725,2014,2014,,2025/08/26,,,read,,,,1,0
8755776,"City of Lost Souls (The Mortal Instruments, #5)",Cassandra Clare,"Clare, Cassandra",,"=""1442416866""","=""9781442416864""",0,Margaret K. McElderry Books,Hardcover,535,2012,2012,,2025/08/26,,,read,,,,1,0
6752378,"City of Fallen Angels (The Mortal Instruments, #4)",Cassandra Clare,"Clare, Cassandra",,"=""1442403543""","=""9781442403543""",0,Margaret K. McElderry Books,Hardcover,425,2011,2011,,2025/08/26,,,read,,,,1,0
3777732,"City of Glass (The Mortal Instruments, #3)",Cassandra Clare,"Clare, Cassandra",,"=""1416914307""","=""9781416914303""",0,Margaret K. McElderry Books,Hardcover,560,2009,2009,,2025/08/26,,,read,,,,1,0
1582996,"City of Ashes (The Mortal Instruments, #2)",Cassandra Clare,"Clare, Cassandra",,"=""1416914293""","=""9781416914297""",0,Margaret K. McElderry Books,Hardcover,464,2008,2008,,2025/08/26,,,read,,,,1,0
256683,"City of Bones (The Mortal Instruments, #1)",Cassandra Clare,"Clare, Cassandra",,"=""1416914285""","=""9781416914280""",0,Margaret K. McElderry Books,Hardcover,485,2007,2007,,2025/08/26,,,read,,,,1,0
7664041,"Inheritance (The Inheritance Cycle, #4)",Christopher Paolini,"Paolini, Christopher",,"=""0375856110""","=""9780375856112""",0,Alfred A. Knopf,Hardcover,849,2011,2011,,2025/08/26,,,read,,,,1,0
2248573,"Brisingr (The Inheritance Cycle, #3)",Christopher Paolini,"Paolini, Christopher",,"=""0375826726""","=""9780375826726""",0,Alfred A. Knopf,Hardcover,748,2008,2008,,2025/08/26,,,read,,,,1,0
45978,"Eldest (The Inheritance Cycle, #2)",Christopher Paolini,"Paolini, Christopher",,"=""0375840400""","=""9780375840401""",0,Knopf Books for Young Readers,Paperback,704,2007,2005,,2025/08/26,,,read,,,,1,0
113436,Eragon (The Inheritance Cycle #1),Christopher Paolini,"Paolini, Christopher",,"=""0375826696""","=""9780375826696""",0,Alfred A. Knopf,Paperback,503,2005,2002,,2025/08/26,,,read,,,,1,0
15997,Paradise Lost,John Milton,"Milton, John",,"=""0140424393""","=""9780140424393""",0,Penguin Classics,Paperback,453,2003,1667,,2025/08/26,to-read,to-read (#288),to-read,,,,0,0
15645,Inferno,Dante Alighieri,"Alighieri, Dante",Anthony Esolen,"=""0812970063""","=""9780812970067""",0,Modern Library,Kindle Edition,490,2022,1321,,2025/08/26,to-read,to-read (#287),to-read,,,,0,0
8921,"The Hound of the Baskervilles (Sherlock Holmes, #5)",Arthur Conan Doyle,"Doyle, Arthur Conan","Anne Perry, Mark Hallaq","=""""","=""""",0,Signet,Mass Market Paperback,256,2001,1902,,2025/08/26,,,read,,,,1,0
92303,The Importance of Being Earnest,Oscar Wilde,"Wilde, Oscar",,"=""158049580X""","=""9781580495806""",0,Prestwick House,Paperback,89,2005,1895,,2025/08/26,to-read,to-read (#286),to-read,,,,0,0
3836,Don Quixote,Miguel de Cervantes Saavedra,"Saavedra, Miguel de Cervantes","Roberto González Echevarría, John Rutherford","=""""","=""""",0,Penguin Books,Paperback,1023,2003,1605,,2025/08/26,to-read,to-read (#285),to-read,,,,0,0
24213,Alice’s Adventures in Wonderland / Through the Looking-Glass,Lewis Carroll,"Carroll, Lewis","Martin Gardner, John Tenniel","=""""","=""""",0,Penguin Group (USA),Paperback,239,2000,1871,,2025/08/26,,,read,,,,1,0
77265004,The Iliad,Homer,"Homer, Homer",Emily Wilson,"=""1324001801""","=""9781324001805""",0,W. W. Norton & Company,Hardcover,848,2023,-750,,2025/08/26,to-read,to-read (#284),to-read,,,,0,0
22910900,The Rest of Us Just Live Here,Patrick Ness,"Ness, Patrick",,"=""1406331163""","=""9781406331165""",0,Walker Books,Hardcover,348,2015,2015,,2025/08/26,,,read,,,,1,0
21969786,More Than This,Patrick Ness,"Ness, Patrick",,"=""1406350486""","=""9781406350487""",0,Walker Books Ltd,Paperback,480,2014,2013,,2025/08/26,,,read,,,,1,0
20758105,"Monsters of Men (Chaos Walking, #3)",Patrick Ness,"Ness, Patrick",,"=""0763676195""","=""9780763676193""",0,Candlewick,Paperback,643,2014,2010,,2025/08/26,,,read,,,,1,0
20758103,"The Ask and the Answer (Chaos Walking, #2)",Patrick Ness,"Ness, Patrick",,"=""0763676179""","=""9780763676179""",0,Candlewick,Paperback,553,2014,2009,,2025/08/26,,,read,,,,1,0
20758104,"The Knife of Never Letting Go (Chaos Walking, #1)",Patrick Ness,"Ness, Patrick",,"=""0763676187""","=""9780763676186""",0,Candlewick Press,Paperback,528,2014,2008,,2025/08/26,,,read,,,,1,0
20453480,Two Boys Kissing,David Levithan,"Levithan, David",,"=""""","=""""",0,Egmont UK,Paperback,239,2014,2013,,2025/08/26,,,read,,,,1,0
6567017,"Will Grayson, Will Grayson",John  Green,"Green, John",David Levithan,"=""0525421580""","=""9780525421580""",0,Dutton Books,Hardcover,320,2010,2010,,2025/08/26,,,read,,,,1,0
6442769,Paper Towns,John  Green,"Green, John",Gázsity Mila,"=""014241493X""","=""9780142414934""",0,Speak,Paperback,305,2009,2008,,2025/08/26,,,read,,,,1,0
18710190,"Allegiant (Divergent, #3)",Veronica Roth,"Roth, Veronica",,"=""0007524277""","=""9780007524273""",0,HarperCollins Children's Book's,Hardcover,531,2013,2013,,2025/08/26,,,read,,,,1,0
13335037,"Divergent (Divergent, #1)",Veronica Roth,"Roth, Veronica",,"=""0062024035""","=""9780062024039""",0,Katherine Tegen Books,Paperback,487,2012,2011,,2025/08/26,,,read,,,,1,0
11735983,"Insurgent (Divergent, #2)",Veronica Roth,"Roth, Veronica",,"=""0007442912""","=""9780007442911""",0,HarperCollins Children's Books,Hardcover,525,2012,2012,,2025/08/26,,,read,,,,1,0
11989,The Plague,Albert Camus,"Camus, Albert",Stuart Gilbert,"=""""","=""""",0,Vintage International,Paperback,308,1991,1947,,2025/08/26,to-read,to-read (#283),to-read,,,,0,0
355697,All Quiet on the Western Front,Erich Maria Remarque,"Remarque, Erich Maria",Arthur Wesley Wheen,"=""0449213943""","=""9780449213940""",0,Ballantine Books,Mass Market Paperback,296,1987,1928,,2025/08/26,to-read,to-read (#282),to-read,,,,0,0
99561,Looking for Alaska,John  Green,"Green, John",,"=""1435249151""","=""9781435249158""",0,Speak,Paperback,221,2006,2005,,2025/08/26,,,read,,,,1,0
12893742,"The Serpent's Shadow (The Kane Chronicles, #3)",Rick Riordan,"Riordan, Rick",,"=""1423140575""","=""9781423140573""",0,Hyperion Books,Hardcover,406,2012,2012,,2025/08/26,,,read,,,,1,0
9067850,"The Throne of Fire (The Kane Chronicles, #2)",Rick Riordan,"Riordan, Rick",,"=""1423140567""","=""9781423140566""",0,Hyperion Books for Children,Hardcover,452,2011,2011,,2025/08/26,,,read,,,,1,0
18705209,"The Blood of Olympus (The Heroes of Olympus, #5)",Rick Riordan,"Riordan, Rick",,"=""""","=""""",0,Disney-Hyperion Books,Hardcover,516,2014,2014,,2025/08/26,,,read,,,,1,0
7090447,"The Red Pyramid (The Kane Chronicles, #1)",Rick Riordan,"Riordan, Rick",,"=""1423113381""","=""9781423113386""",0,Disney Hyperion,Hardcover,528,2010,2010,,2025/08/26,,,read,,,,1,0
12127810,"The House of Hades (The Heroes of Olympus, #4)",Rick Riordan,"Riordan, Rick",,"=""1423146727""","=""9781423146728""",0,Disney-Hyperion Books,Hardcover,597,2013,2013,,2025/08/26,,,read,,,,1,0
9520360,"The Son of Neptune (The Heroes of Olympus, #2)",Rick Riordan,"Riordan, Rick",,"=""1423140591""","=""9781423140597""",0,Disney-Hyperion Books,Hardcover,521,2011,2011,,2025/08/26,,,read,,,,1,0
12127750,"The Mark of Athena (The Heroes of Olympus, #3)",Rick Riordan,"Riordan, Rick",,"=""1423140605""","=""9781423140603""",0,Disney-Hyperion Books,Hardcover,586,2012,2012,,2025/08/26,,,read,,,,1,0
7736182,"The Lost Hero (The Heroes of Olympus, #1)",Rick Riordan,"Riordan, Rick",,"=""142311339X""","=""9781423113393""",0,Disney-Hyperion Books,Hardcover,576,2010,2010,,2025/08/26,,,read,,,,1,0
4556058,"The Last Olympian (Percy Jackson and the Olympians, #5)",Rick Riordan,"Riordan, Rick",,"=""1423101472""","=""9781423101475""",0,Disney-Hyperion Books,Hardcover,381,2009,2009,,2025/08/26,,,read,,,,1,0
8130423,"The Battle of the Labyrinth (Percy Jackson and the Olympians, #4)",Rick Riordan,"Riordan, Rick",,"=""""","=""""",0,Disney Hyperion,Kindle Edition,361,2009,2008,,2025/08/26,,,read,,,,1,0
561456,"The Titan’s Curse (Percy Jackson and the Olympians, #3)",Rick Riordan,"Riordan, Rick",,"=""""","=""""",0,Puffin Books,Kindle Edition,352,2007,2007,,2025/08/26,,,read,,,,1,0
40727118,"The Sea of Monsters (Percy Jackson and the Olympians, #2)",Rick Riordan,"Riordan, Rick",مریم حیدری,"=""0120000318""","=""9780120000319""",0,Disney-Hyperion,Hardcover,279,,2006,,2025/08/26,,,read,,,,1,0
123675190,"The Lightning Thief (Percy Jackson and the Olympians, #1)",Rick Riordan,"Riordan, Rick",,"=""1368098169""","=""9781368098168""",0,Disney Hyperion,Paperback,416,2023,2005,,2025/08/26,,,read,,,,1,0
128029,A Thousand Splendid Suns,Khaled Hosseini,"Hosseini, Khaled",,"=""1594489505""","=""9781594489501""",0,Riverhead Books,Hardcover,372,2007,2007,,2025/08/26,to-read,to-read (#281),to-read,,,,0,0
25856606,The Fault in Our Stars,John  Green,"Green, John",,"=""0525478817""","=""9780525478812""",0,Dutton Books,Hardcover,313,2012,2012,,2025/08/26,,,read,,,,1,0
35031085,Frankenstein: The 1818 Text,Mary Wollstonecraft Shelley,"Shelley, Mary Wollstonecraft",Charlotte  Gordon,"=""0143131842""","=""9780143131847""",0,Penguin Classics,Paperback,260,2018,1818,,2025/08/26,,,read,,,,1,0
337789,Atticus the Storyteller,Lucy Coats,"Coats, Lucy",Tre Lewis,"=""1842552791""","=""9781842552797""",0,Orion Children's,Paperback,,2003,2002,,2025/08/26,,,read,,,,1,0
23168277,"The Sympathizer (The Sympathizer, #1)",Viet Thanh Nguyen,"Nguyen, Viet Thanh",,"=""0802123457""","=""9780802123459""",0,Grove Press,Hardcover,384,2015,2015,,2025/08/26,to-read,to-read (#280),to-read,,,,0,0
176443047,Sinophagia: A Celebration of Chinese Horror,Xueting Christine Ni,"Ni, Xueting Christine","Cai Jun, Chi Hui, Chu Xidao, Chuan Ge, Fan Zhou, Goodnight Xiaoqing, 周浩晖 Zhou Haohui, Gu Shi, she cong ge, Su Min, Hong Niangzi, Zhou Dedong, Nanpai Sanshu, Xueting Christine Ni, Yimei Tangguo","=""183786117X""","=""9781837861170""",0,Solaris,Paperback,496,2024,2024,,2025/08/25,to-read,to-read (#279),to-read,,,,0,0
54303480,Sinopticon: A Celebration of Chinese Science Fiction,Xueting C. Ni,"Ni, Xueting C.","Nian Yu, Zhao Haihong, Regina Kanyu Wang, Wang Jinkang, Tang Fei, Anna Wu, Han Song, Jiang Bo, Bao Shu, A Que, Gu Shi, Ma Boyong","=""1781088527""","=""9781781088524""",4.0,Solaris,Paperback,448,2021,2021,2025/08/25,2024/11/01,shelf,shelf (#14),read,,,,1,0
34281,"The Pinhoe Egg  (Chrestomanci, #6)",Diana Wynne Jones,"Jones, Diana Wynne",,"=""0061131245""","=""9780061131240""",0,Greenwillow,Hardcover,515,2006,2006,,2025/08/25,,,read,,,,1,0
13759,"Conrad's Fate (Chrestomanci, #5)",Diana Wynne Jones,"Jones, Diana Wynne",,"=""0060747455""","=""9780060747459""",0,Greenwillow Books,Paperback,400,2006,2005,,2025/08/25,,,read,,,,1,0
47525,"The Magicians of Caprona (Chrestomanci, #4)",Diana Wynne Jones,"Jones, Diana Wynne",,"=""0060298782""","=""9780060298784""",0,Greenwillow Books,Hardcover,288,2001,1980,,2025/08/25,,,read,,,,1,0
47572,"Witch Week (Chrestomanci, #3)",Diana Wynne Jones,"Jones, Diana Wynne",,"=""0060298790""","=""9780060298791""",0,Greenwillow,Hardcover,288,2001,1982,,2025/08/25,,,read,,,,1,0
519933,"The Lives of Christopher Chant (Chrestomanci, #2)",Diana Wynne Jones,"Jones, Diana Wynne",,"=""0688163653""","=""9780688163655""",0,Greenwillow Books,Mass Market Paperback,240,1998,1988,,2025/08/25,,,read,,,,1,0
244572,"Charmed Life (Chrestomanci, #1)",Diana Wynne Jones,"Jones, Diana Wynne",,"=""000710653X""","=""9780007106530""",0,HarperCollins Children's Books,Paperback,288,2000,1977,,2025/08/25,,,read,,,,1,0
2173611,"House of Many Ways (Howl's Moving Castle, #3)",Diana Wynne Jones,"Jones, Diana Wynne",,"=""0061477958""","=""9780061477959""",0,Greenwillow Books,Hardcover,404,2008,2008,,2025/08/25,,,read,,,,1,0
47520,"Castle in the Air (Howl's Moving Castle, #2)",Diana Wynne Jones,"Jones, Diana Wynne",,"=""0064473457""","=""9780064473453""",0,Greenwillow Books,Mass Market Paperback,298,2001,1990,,2025/08/25,,,read,,,,1,0
6294,"Howl's Moving Castle (Howl's Moving Castle, #1)",Diana Wynne Jones,"Jones, Diana Wynne",,"=""006441034X""","=""9780064410342""",0,Harper Trophy,Mass Market Paperback,448,2001,1986,,2025/08/25,,,read,,,,1,0
60446114,The Dangers of Smoking in Bed,Mariana Enriquez,"Enriquez, Mariana",Megan McDowell,"=""1783788216""","=""9781783788217""",5.0,Granta Books,Paperback,189,2022,2009,2025/08/25,2025/06/06,,,read,Quite weird rather disturbing but also very good,,,1,0
4823442,The Lost Testament - From Eden to Exile: The Five-Thousand-Year History of the People of the Bible,David Rohl,"Rohl, David",,"=""0712669930""","=""9780712669931""",0,Century,Hardcover,320,2002,2002,,2025/08/24,to-read,to-read (#278),to-read,,,,0,0
36262251,The Redemption of Time (Remembrance of Earth’s Past),Baoshu,"Baoshu, Baoshu",Ken Liu,"=""1788542207""","=""9781788542203""",0,Head of Zeus,Hardcover,400,2019,2011,,2025/07/30,to-read,to-read (#277),to-read,,,,0,0
608947,The Complete Dead Sea Scrolls in English,Géza Vermes,"Vermes, Géza",Anonymous,"=""0140449523""","=""9780140449525""",0,Penguin Classics,Paperback,648,2004,-200,,2025/07/08,to-read,to-read (#276),to-read,,,,0,0
456386,King Jesus,Robert Graves,"Graves, Robert",,"=""0374516642""","=""9780374516642""",0,"Farrar, Straus and Giroux",Paperback,418,1981,1946,,2025/07/08,to-read,to-read (#274),to-read,,,,0,0
24113,"Gödel, Escher, Bach: An Eternal Golden Braid",Douglas R. Hofstadter,"Hofstadter, Douglas R.",,"=""0465026567""","=""9780465026562""",0,Basic Books,Paperback,777,1999,1979,,2025/07/02,to-read,to-read (#273),to-read,,,,0,0
51283868,The Hole,Hiroko Oyamada,"Oyamada, Hiroko",David  Boyd,"=""0811228878""","=""9780811228879""",0,New Directions,Paperback,92,2020,2014,,2025/06/07,to-read,to-read (#272),to-read,,,,0,0
173754979,James,Percival Everett,"Everett, Percival",,"=""0385550367""","=""9780385550369""",0,Knopf Doubleday,Hardcover,303,2024,2024,,2025/06/07,to-read,to-read (#271),to-read,,,,0,0
43459809,The Sailor Who Fell from Grace With the Sea,Yukio Mishima,"Mishima, Yukio",John Nathan,"=""1784875422""","=""9781784875428""",4.0,Vintage Classics,Paperback,144,2019,1963,2025/03/14,2025/03/06,shelf,shelf (#39),read,"Fantastic book, if rather disturbing",,,1,0
212343501,Orbital,Samantha Harvey,"Harvey, Samantha",,"=""""","=""""",5.0,Vintage,Paperback,135,2024,2023,2025/03/20,2024/12/29,shelf,shelf (#38),read,Beautifully written book,,,1,0
57693608,"When I Sing, Mountains Dance",Irene Solà,"Solà, Irene",Mara Faye Lethem,"=""1644450801""","=""9781644450802""",5.0,Graywolf Press,Paperback,216,2022,2019,2025/05/03,2025/05/03,shelf,shelf (#37),read,,,,1,0
214229691,Greenteeth,Molly    O'Neill,"O'Neill, Molly",,"=""""","=""""",4.0,Orbit,Kindle Edition,304,2025,2025,2025/06/03,2025/06/03,shelf,shelf (#36),read,Felt like the book equivalent of a family film but was a fun read nonetheless.,,,1,0
58999183,Transformer: The Deep Chemistry of Life and Death,Nick Lane,"Lane, Nick",,"=""0393651487""","=""9780393651485""",0,W. W. Norton & Company,Hardcover,400,2022,2022,,2025/05/03,to-read,to-read (#270),to-read,,,,0,0
16044493,Nod,Adrian   Barnes,"Barnes, Adrian",,"=""0956687687""","=""9780956687685""",0,Bluemoose Books,Hardcover,206,2012,2012,,2025/04/26,to-read,to-read (#269),to-read,,,,0,0
10073,A Long Way Down,Nick Hornby,"Hornby, Nick",,"=""1594481938""","=""9781594481932""",0,Riverhead Books,Hardcover,368,2006,2005,,2025/04/26,to-read,to-read (#268),to-read,,,,0,0
49090884,Tender Is the Flesh,Agustina Bazterrica,"Bazterrica, Agustina",Sarah Moses,"=""""","=""""",0,Scribner,Paperback,209,2020,2017,,2025/04/26,to-read,to-read (#267),to-read,,,,0,0
29751398,The Power,Naomi Alderman,"Alderman, Naomi",,"=""0670919985""","=""9780670919987""",0,Viking,Hardcover,341,2017,2016,,2025/04/26,to-read,to-read (#266),to-read,,,,0,0
123163147,The Future,Naomi Alderman,"Alderman, Naomi",,"=""166802568X""","=""9781668025680""",0,Simon & Schuster,Hardcover,432,2023,2023,,2025/04/26,to-read,to-read (#265),to-read,,,,0,0
211479192,Water Moon,Samantha Sotto Yambao,"Yambao, Samantha Sotto",,"=""0593724992""","=""9780593724996""",0,Del Rey,Hardcover,374,2025,2025,,2025/04/26,to-read,to-read (#264),to-read,,,,0,0
203956643,A Sunny Place for Shady People,Mariana Enriquez,"Enriquez, Mariana",Megan McDowell,"=""0593733258""","=""9780593733257""",0,Hogarth,Hardcover,257,2024,2024,,2025/04/26,to-read,to-read (#263),to-read,,,,0,0
53121631,Underland: A Deep Time Journey,Robert Macfarlane,"Macfarlane, Robert",,"=""0393358097""","=""9780393358094""",0,W. W. Norton & Company,Paperback,496,2020,2019,,2025/04/26,to-read,to-read (#262),to-read,,,,0,0
123979539,The Blue Machine: How the Ocean Works,Helen Czerski,"Czerski, Helen",,"=""1324006714""","=""9781324006718""",0,W. W. Norton & Company,Hardcover,446,2023,2023,,2025/04/26,to-read,to-read (#261),to-read,,,,0,0
61340227,The Language of Trees: A Rewilding of Literature and Landscape,Katie Holten,"Holten, Katie",Ross Gay,"=""1953534686""","=""9781953534682""",0,Tin House,Hardcover,320,2023,2023,,2025/04/26,to-read,to-read (#260),to-read,,,,0,0
17879710,Mr Loverman,Bernardine Evaristo,"Evaristo, Bernardine",,"=""""","=""""",0,Penguin,Paperback,307,2013,2013,,2025/04/26,to-read,to-read (#259),to-read,,,,0,0
75367019,"Woman's Lore: 4,000 Years of Sirens, Serpents and Succubi",Sarah Clegg,"Clegg, Sarah",,"=""1803280255""","=""9781803280257""",0,Head of Zeus,Kindle Edition,304,2023,,,2025/04/26,to-read,to-read (#258),to-read,,,,0,0
61343181,Dark and Magical Places: The Neuroscience of How We Navigate,Christopher Kemp,"Kemp, Christopher",,"=""1782836535""","=""9781782836537""",0,Wellcome Collection,Kindle Edition,256,2022,,,2023/08/31,to-read,to-read (#131),to-read,,,,0,0
112537,"Rendezvous with Rama (Rama, #1)",Arthur C. Clarke,"Clarke, Arthur C.",,"=""1857231589""","=""9781857231588""",0,Orbit,Paperback,243,1991,1973,,2025/03/29,to-read,to-read (#257),to-read,,,,0,0
58724626,"What Moves the Dead (Sworn Soldier, #1)",T. Kingfisher,"Kingfisher, T.",,"=""1250830753""","=""9781250830753""",0,Tor Nightfire,Hardcover,165,2022,2022,,2025/03/29,to-read,to-read (#256),to-read,,,,0,0
18077752,"Acceptance (Southern Reach, #3)",Jeff Vandermeer,"Vandermeer, Jeff",,"=""0374104115""","=""9780374104115""",0,"Farrar, Straus and Giroux",Paperback,368,2014,2014,,2025/03/29,to-read,to-read (#255),to-read,,,,0,0
18077769,"Authority (Southern Reach, #2)",Jeff Vandermeer,"Vandermeer, Jeff",,"=""0374104107""","=""9780374104108""",0,"Farrar, Straus and Giroux",Paperback,368,2014,2014,,2025/03/29,to-read,to-read (#254),to-read,,,,0,0
18373,Flowers for Algernon,Daniel Keyes,"Keyes, Daniel",,"=""015603008X""","=""9780156030083""",0,Harvest Books,Paperback,311,2004,1966,,2025/03/26,"to-read, shelf","to-read (#253), shelf (#35)",to-read,,,,0,0
25451264,"Death's End (Remembrance of Earth’s Past, #3)",Liu Cixin,"Cixin, Liu",Ken Liu,"=""0765377101""","=""9780765377104""",0,TOR,Hardcover,604,2016,2010,,2025/03/26,to-read,to-read (#252),to-read,,,,0,0
23168817,"The Dark Forest (Remembrance of Earth’s Past, #2)",Liu Cixin,"Cixin, Liu",Joel Martinsen,"=""""","=""""",0,Tor Books,Hardcover,512,2015,2008,,2025/03/26,to-read,to-read (#251),to-read,,,,0,0
6113902,"After the Fire, a Still Small Voice",Evie Wyld,"Wyld, Evie",,"=""0307378462""","=""9780307378460""",0,Pantheon,Hardcover,304,2009,2009,,2025/03/25,to-read,to-read (#250),to-read,,,,0,0
18586478,"All the Birds, Singing",Evie Wyld,"Wyld, Evie",,"=""0099572370""","=""9780099572374""",4.0,Vintage Digital,Paperback,229,2014,2013,,2024/11/01,shelf,shelf (#32),read,,,,1,0
10210,Jane Eyre,Charlotte Brontë,"Brontë, Charlotte",Michael Mason,"=""0142437204""","=""9780142437209""",0,Penguin,Paperback,532,2003,1847,,2025/03/25,,,read,,,,1,0
95558,Solaris,Stanisław Lem,"Lem, Stanisław","Steve Cox, Joanna Kilmartin","=""""","=""""",0,Harcourt,Paperback,204,2002,1961,,2025/03/12,to-read,to-read (#249),to-read,,,,0,0
172366,The Library of Babel,Jorge Luis Borges,"Borges, Jorge Luis","Erik Desmazieres, Andrew Hurley, Angela Giral","=""156792123X""","=""9781567921236""",0,David R Godine Pub,Hardcover,36,2000,1941,,2025/03/10,to-read,to-read (#248),to-read,,,,0,0
60581087,The Passenger (The Passenger #1),Cormac McCarthy,"McCarthy, Cormac",,"=""0593535227""","=""9780593535226""",0,Knopf,Kindle Edition,385,2022,2022,,2025/03/06,to-read,to-read (#247),to-read,,,,0,0
80618351,Tao Te Ching,Lao Tzu,"Tzu, Lao",D.C. Lau,"=""014044131X""","=""9780140441314""",4.0,Penguin Books,Paperback,131,2003,-350,2025/03/06,2023/04/08,,,read,Not sure that I understood everything but such is the way of life. Still a fun and interesting read.,,,1,0
200033014,Fahrenheit 451,Ray Bradbury,"Bradbury, Ray",,"=""0006546064""","=""9780006546061""",3.0,HarperVoyager,Paperback,227,2008,1963,2025/03/05,2025/02/16,,,read,Thought it was going to be about censorship/freedom of speech but I think it was more about anti-intellectualism and technology? Wasn’t really my cup of tea but there were lots of very evocative descriptive passages that were good.,,,1,0
190862826,Between Two Rivers: Ancient Mesopotamia and the Birth of History,Moudhy Al-Rashid,"Al-Rashid, Moudhy",,"=""1529392152""","=""9781529392159""",0,Hodder & Stoughton,Kindle Edition,330,2025,2025,,2025/03/03,to-read,to-read (#246),to-read,,,,0,0
205125812,The National Telepathy,Roque Larraquy,"Larraquy, Roque",Frank Wynne,"=""1913867900""","=""9781913867904""",0,Charco Press,Paperback,161,2025,2020,,2025/02/16,to-read,to-read (#245),to-read,,,,0,0
34326633,"Dune Messiah (Dune, #2)",Frank Herbert,"Herbert, Frank",,"=""""","=""""",0,Hodder,Paperback,304,2017,1969,2025/02/11,2024/11/01,,,read,,,,1,0
31451186,"Borne (Borne, #1)",Jeff Vandermeer,"Vandermeer, Jeff",,"=""0374115249""","=""9780374115241""",0,"MCD / Farrar, Straus and Giroux ",Hardcover,323,2017,2017,,2025/01/26,to-read,to-read (#244),to-read,,,,0,0
825,Zodiac,Neal Stephenson,"Stephenson, Neal",,"=""0553573861""","=""9780553573862""",0,Spectra,Mass Market Paperback,308,1995,1988,,2025/01/26,to-read,to-read (#243),to-read,,,,0,0
6080337,"The Year of the Flood (MaddAddam, #2)",Margaret Atwood,"Atwood, Margaret",,"=""0385528779""","=""9780385528771""",0,Doubleday Nan A. Talese,Hardcover,431,2009,2009,,2025/01/26,to-read,to-read (#242),to-read,,,,0,0
40180098,The Overstory,Richard Powers,"Powers, Richard",,"=""039335668X""","=""9780393356687""",0,W.W. Norton & Company,Paperback,502,2019,2018,,2025/01/26,to-read,to-read (#241),to-read,,,,0,0
14249,Prodigal Summer,Barbara Kingsolver,"Kingsolver, Barbara",,"=""0060959037""","=""9780060959036""",0,Harper Perennial,Paperback,444,2001,2000,,2025/01/26,to-read,to-read (#240),to-read,,,,0,0
210367505,"Absolution (Southern Reach, #4)",Jeff Vandermeer,"Vandermeer, Jeff",,"=""0374616590""","=""9780374616595""",0,MCD,Hardcover,464,2024,2024,,2025/01/26,to-read,to-read (#239),to-read,,,,0,0
865516,The Cosmic Serpent: DNA and the Origins of Knowledge,Jeremy Narby,"Narby, Jeremy",,"=""0874779642""","=""9780874779646""",0,TarcherPerigee,Paperback,257,1999,1998,,2025/01/26,to-read,to-read (#238),to-read,,,,0,0
210051588,The Dog Who Followed the Moon,James Norbury,"Norbury, James",,"=""0063420716""","=""9780063420717""",0,William Morrow,Hardcover,175,2024,2024,,2025/01/26,to-read,to-read (#237),to-read,,,,0,0
97411,Letters from a Stoic,Seneca,"Seneca, Seneca",,"=""0140442103""","=""9780140442106""",0,Penguin Books,Paperback,254,2004,64,,2025/01/26,to-read,to-read (#236),to-read,,,,0,0
18386,The Death of Ivan Ilych,Leo Tolstoy,"Tolstoy, Leo","Aylmer Maude, Louise Maude","=""""","=""""",0,Waking Lion Press,Paperback,86,2006,1886,,2025/01/26,to-read,to-read (#235),to-read,,,,0,0
7604,Lolita,Vladimir Nabokov,"Nabokov, Vladimir",Craig Raine,"=""""","=""""",0,Penguin,Paperback,368,1995,1955,,2025/01/26,to-read,to-read (#234),to-read,,,,0,0
15823480,Anna Karenina,Leo Tolstoy,"Tolstoy, Leo","Aylmer Maude, Louise Maude, Dieter Wellershoff, Bruno Goetz, Lev Tolstoj","=""0345803922""","=""9780345803924""",0,Vintage,Paperback,964,2012,1878,,2025/01/26,to-read,to-read (#233),to-read,,,,0,0
7144,Crime and Punishment,Fyodor Dostoevsky,"Dostoevsky, Fyodor","David McDuff, Joseph Frank, Fyodor Dostoyevsky","=""""","=""""",0,Penguin,Paperback,671,2002,1866,,2025/01/26,to-read,to-read (#232),to-read,,,,0,0
33597976,The Snow Child,Eowyn Ivey,"Ivey, Eowyn",,"=""""","=""""",0,"Little, Brown and Company",Kindle Edition,423,2012,2012,,2025/01/26,to-read,to-read (#231),to-read,,,,0,0
27917957,To The Bright Edge of the World,Eowyn Ivey,"Ivey, Eowyn",,"=""0316242853""","=""9780316242851""",0,"Little, Brown and Company",Hardcover,417,2016,2016,,2025/01/26,to-read,to-read (#230),to-read,,,,0,0
1381,The Odyssey,Homer,"Homer, Homer","Robert Fagles, Bernard Knox","=""0143039954""","=""9780143039952""",0,Penguin Classics ,Paperback,541,2006,-750,,2025/01/19,to-read,to-read (#229),to-read,,,,0,0
29034,Twelve Angry Men,Reginald Rose,"Rose, Reginald",David Mamet,"=""0143104403""","=""9780143104407""",0,Penguin Classics,Paperback,96,2006,1954,,2025/01/18,,,read,,,,1,0
58891551,Young Mungo,Douglas   Stuart,"Stuart, Douglas",,"=""0802159559""","=""9780802159557""",0,Grove Press,Hardcover,400,2022,2022,,2025/01/12,to-read,to-read (#228),to-read,,,,0,0
30659,Meditations,Marcus Aurelius,"Aurelius, Marcus",Martin Hammond,"=""0140449337""","=""9780140449334""",0,Penguin Books,Paperback,254,2006,180,,2025/01/02,to-read,to-read (#227),to-read,,,,0,0
30091914,Human Acts,Han Kang,"Kang, Han",Deborah     Smith,"=""1101906723""","=""9781101906729""",0,Hogarth,Hardcover,218,2017,2014,,2025/01/01,to-read,to-read (#226),to-read,,,,0,0
221860173,The Vegetarian,Han Kang,"Kang, Han",Deborah     Smith,"=""""","=""""",5.0,Granta Books,Paperback,183,2024,2007,2025/01/01,2024/12/30,,,read,,,,1,0
53969,The Feast of the Goat,Mario Vargas Llosa,"Llosa, Mario Vargas",Edith Grossman,"=""0571207766""","=""9780571207763""",0,Faber and Faber,Paperback,475,2003,2000,,2025/01/01,to-read,to-read (#225),to-read,,,,0,0
52744975,Afterlives,Abdulrazak Gurnah,"Gurnah, Abdulrazak",,"=""""","=""""",0,Bloomsbury,Hardcover,288,2020,2020,,2025/01/01,to-read,to-read (#224),to-read,,,,0,0
25348938,The Broken Mirrors: Sinalcol,Elias Khoury,"Khoury, Elias",Humphrey Davies,"=""1848667736""","=""9781848667730""",0,MacLehose Press,Kindle Edition,448,2015,2012,,2024/12/30,to-read,to-read (#223),to-read,,,,0,0
951371,I'm the King of the Castle,Susan         Hill,"Hill, Susan",,"=""0140034919""","=""9780140034912""",0,Penguin,Paperback,224,1977,1970,,2024/12/30,,,read,,,,1,0
13651,The Dispossessed: An Ambiguous Utopia,Ursula K. Le Guin,"Guin, Ursula K. Le",,"=""""","=""""",0,Harper Voyager,Paperback,387,1994,1974,,2024/12/29,"to-read, shelf","to-read (#222), shelf (#34)",to-read,,,,0,0
56268878,Annihilation (Southern Reach #1),Jeff Vandermeer,"Vandermeer, Jeff",Karen Joy Fowler,"=""1250824044""","=""9781250824042""",5.0,Picador,Paperback,195,2024,2014,2024/12/29,2022/07/13,,,read,,,,1,0
25772375,"Dune (Dune, #1)",Frank Herbert,"Herbert, Frank",,"=""0340960191""","=""9780340960196""",5.0,Hodder,Paperback,577,2015,1965,2024/12/29,2024/04/21,,,read,,,,1,0
218695937,The Dream Hotel,Laila Lalami,"Lalami, Laila",,"=""0593317602""","=""9780593317600""",0,Pantheon,Hardcover,336,2025,2025,,2024/12/20,to-read,to-read (#221),to-read,,,,0,0
214329001,Death of the Author,Nnedi Okorafor,"Okorafor, Nnedi",,"=""0063391155""","=""9780063391154""",0,William Morrow,Kindle Edition,448,2025,2025,,2024/12/20,to-read,to-read (#220),to-read,,,,0,0
219848315,The Emperor of Gladness,Ocean Vuong,"Vuong, Ocean",,"=""059383187X""","=""9780593831878""",0,Penguin Press,Hardcover,402,2025,2025,,2024/12/20,to-read,to-read (#219),to-read,,,,0,0
219521090,Dream Count,Chimamanda Ngozi Adichie,"Adichie, Chimamanda Ngozi",,"=""059380273X""","=""9780593802731""",0,Knopf,Kindle Edition,474,2025,2025,,2024/12/20,to-read,to-read (#218),to-read,,,,0,0
49868143,Caging Skies,Christine Leunens,"Leunens, Christine",,"=""1529396352""","=""9781529396355""",5.0,John Murray,Paperback,304,2020,2004,2024/11/17,2024/11/04,,,read,,,,1,0
29044,The Secret History,Donna Tartt,"Tartt, Donna",,"=""1400031702""","=""9781400031702""",4.0,Vintage Books,Paperback,559,2004,1992,2024/11/03,2024/09/20,,,read,,,,1,0
6692041,Mornings in Jenin,Susan Abulhawa,"Abulhawa, Susan",,"=""1608190463""","=""9781608190461""",0,Bloomsbury Adult,Paperback,331,2010,2006,,2024/11/02,to-read,to-read (#217),to-read,,,,0,0
58706931,Bitter Orange Tree,Jokha Alharthi,"Alharthi, Jokha",Marilyn Booth,"=""164622003X""","=""9781646220038""",0,Catapult,Hardcover,224,2022,2016,,2024/11/01,"to-read, shelf","to-read (#216), shelf (#33)",to-read,,,,0,0
53835,The Age of Innocence,Edith Wharton,"Wharton, Edith",Maureen Howard,"=""159308143X""","=""9781593081430""",0,Barnes & Noble Classics,Paperback,293,2004,1920,,2023/08/31,"to-read, shelf","to-read (#128), shelf (#31)",to-read,,,,0,0
23955,Trainspotting,Irvine Welsh,"Welsh, Irvine",Eric Lindor Fall,"=""2020336464""","=""9782020336468""",0,Seuil,Mass Market Paperback,344,1998,1993,,2024/11/01,"to-read, shelf","to-read (#215), shelf (#30)",to-read,,,,0,0
55478682,Dreamtime,Venetia Welby,"Welby, Venetia",,"=""1784632414""","=""9781784632410""",0,Salt Publishing,Paperback,265,2021,,,2024/11/01,"to-read, shelf","to-read (#214), shelf (#29)",to-read,,,,0,0
40749395,Lot,Bryan Washington,"Washington, Bryan",,"=""0525533672""","=""9780525533672""",0,Riverhead Books,Hardcover,240,2019,2019,,2022/06/04,"to-read, shelf","to-read (#52), shelf (#28)",to-read,,,,0,0
61783327,The Daughters of Madurai,Rajasree Variyar,"Variyar, Rajasree",,"=""1454948760""","=""9781454948766""",0,Union Square & Co.,Hardcover,336,2023,2023,,2024/11/01,"to-read, shelf","to-read (#213), shelf (#27)",to-read,,,,0,0
17333223,The Goldfinch,Donna Tartt,"Tartt, Donna",,"=""0316055433""","=""9780316055437""",0,"Little, Brown",Hardcover,771,2013,2013,,2024/11/01,"to-read, shelf","to-read (#212), shelf (#26)",to-read,,,,0,0
775346,The Little Friend,Donna Tartt,"Tartt, Donna",,"=""1400031699""","=""9781400031696""",0,Vintage,Audible Audio,624,2003,2002,,2024/11/01,"to-read, shelf","to-read (#211), shelf (#25)",to-read,,,,0,0
4406,East of Eden,John Steinbeck,"Steinbeck, John",,"=""0142000655""","=""9780142000656""",0,Penguin Books,Paperback,601,2002,1952,,2024/11/01,"to-read, shelf","to-read (#210), shelf (#24)",to-read,,,,0,0
28390369,Swing Time,Zadie Smith,"Smith, Zadie",,"=""0241144159""","=""9780241144152""",0,Hamish Hamilton,Hardcover,453,2016,2016,,2022/09/06,"to-read, shelf","to-read (#90), shelf (#23)",to-read,,,,0,0
50623864,The Invisible Life of Addie LaRue,V.E. Schwab,"Schwab, V.E.",Victoria Schwab,"=""0765387565""","=""9780765387561""",0,Tor Books,Hardcover,448,2020,2020,,2024/03/06,"to-read, shelf","to-read (#159), shelf (#22)",to-read,,,,0,0
58725016,Elektra,Jennifer Saint,"Saint, Jennifer",,"=""125077361X""","=""9781250773616""",0,Flatiron Books,Hardcover,291,2022,2022,,2024/11/01,"to-read, shelf","to-read (#209), shelf (#21)",to-read,,,,0,0
58885915,Mondegreen: Songs about Death and Love (Harvard Library of Ukrainian Literature),Volodymyr Rafeyenko,"Rafeyenko, Volodymyr",Mark Andryczyk,"=""067427170X""","=""9780674271708""",0,Harvard Ukrainian Research Institute,Paperback,204,2022,2019,,2024/11/01,"to-read, shelf","to-read (#208), shelf (#20)",to-read,,,,0,0
59900661,The Whalebone Theatre,Joanna   Quinn,"Quinn, Joanna",,"=""0593321707""","=""9780593321706""",0,Knopf,Hardcover,558,2022,2022,,2024/11/01,"to-read, shelf","to-read (#207), shelf (#19)",to-read,,,,0,0
13554713,Fairy Tales from the Brothers Grimm: A New English Version,Philip Pullman,"Pullman, Philip","Jacob Grimm, Wilhelm Grimm","=""067002497X""","=""9780670024971""",0,Viking Adult,Hardcover,405,2012,2012,,2024/11/01,"to-read, shelf","to-read (#206), shelf (#18)",to-read,,,,0,0
57247010,Winchelsea,Alex Preston,"Preston, Alex",,"=""1838854851""","=""9781838854850""",0,Canongate Books Ltd.,Kindle Edition,336,2022,2022,,2024/11/01,"to-read, shelf","to-read (#205), shelf (#17)",to-read,,,,0,0
36809135,Where the Crawdads Sing,Delia Owens,"Owens, Delia",,"=""0735219117""","=""9780735219113""",0,G.P. Putnam’s Sons,ebook,384,2018,2018,,2024/11/01,"to-read, shelf","to-read (#204), shelf (#16)",to-read,,,,0,0
61783854,The Ghost Theatre,Mat Osman,"Osman, Mat",,"=""1419767836""","=""9781419767838""",0,Harry N. Abrams,Hardcover,320,2023,2023,,2024/11/01,"to-read, shelf","to-read (#203), shelf (#15)",to-read,,,,0,0
59808603,The Mountain in the Sea,Ray Nayler,"Nayler, Ray",,"=""0374605955""","=""9780374605957""",0,MCD,Hardcover,456,2022,2022,,2024/11/01,"to-read, shelf","to-read (#202), shelf (#13)",to-read,,,,0,0
11275,The Wind-Up Bird Chronicle,Haruki Murakami,"Murakami, Haruki",Jay Rubin,"=""0965341984""","=""9780965341981""",0,Knopf,Paperback,607,1997,1994,,2024/11/01,"to-read, shelf","to-read (#201), shelf (#12)",to-read,,,,0,0
37868569,We Set the Dark on Fire (We Set the Dark on Fire #1),Tehlor Kay Mejia,"Mejia, Tehlor Kay",,"=""0062691333""","=""9780062691330""",0,Katherine Tegen Books,Kindle Edition,400,2019,2019,,2022/06/04,"to-read, shelf","to-read (#36), shelf (#11)",to-read,,,,0,0
395220,Zami: A New Spelling of My Name,Audre Lorde,"Lorde, Audre",,"=""""","=""""",0,Crossing Press,Paperback,256,1982,1982,,2022/06/04,"to-read, shelf","to-read (#37), shelf (#10)",to-read,,,,0,0
57151981,Beasts of a Little Land,Juhea Kim,"Kim, Juhea",,"=""006309357X""","=""9780063093577""",0,Ecco,Hardcover,416,2021,2021,,2024/11/01,"to-read, shelf","to-read (#200), shelf (#9)",to-read,,,,0,0
36492488,"We Hunt the Flame (Sands of Arawiya, #1)",Hafsah Faizal,"Faizal, Hafsah",,"=""0374311544""","=""9780374311544""",0,"Farrar, Straus and Giroux",Hardcover,480,2019,2019,,2022/06/04,"to-read, shelf","to-read (#57), shelf (#7)",to-read,,,,0,0
8526694,Open City,Teju Cole,"Cole, Teju",,"=""1400068096""","=""9781400068098""",0,Random House,Hardcover,259,2011,2011,,2024/11/01,shelf,shelf (#6),read,,,,0,0
1885,Pride and Prejudice,Jane Austen,"Austen, Jane",Anna Quindlen,"=""1441341706""","=""9781441341709""",0,Modern Library,Paperback,279,2023,1813,,2022/06/04,"to-read, shelf","to-read (#18), shelf (#5)",to-read,,,,0,0
149196,Eva Luna,Isabel Allende,"Allende, Isabel",Margaret Sayers Peden,"=""0553280589""","=""9780553280586""",0,Bantam,Mass Market Paperback,307,1989,1987,,2024/11/01,"to-read, shelf","to-read (#198), shelf (#4)",to-read,,,,0,0
40961230,The Travelling Cat Chronicles,Hiro Arikawa,"Arikawa, Hiro",Philip Gabriel,"=""0735235244""","=""9780735235243""",0,Viking,Kindle Edition,281,2018,2012,,2024/11/01,to-read,to-read (#199),to-read,,,,0,0
28256439,"The Hidden Life of Trees: What They Feel, How They Communicate: Discoveries from a Secret World",Peter Wohlleben,"Wohlleben, Peter","Tim Flannery, Jane Billinghurst, Suzanne Simard","=""1771642483""","=""9781771642484""",0,Greystone Books,Hardcover,272,2016,2015,,2024/11/01,to-read,to-read (#197),to-read,,,,0,0
5587960,The Thing Around Your Neck,Chimamanda Ngozi Adichie,"Adichie, Chimamanda Ngozi",,"=""0307271072""","=""9780307271075""",0,Knopf,Hardcover,218,2009,2008,,2024/10/31,"to-read, shelf","to-read (#196), shelf (#2)",to-read,,,,0,0
37774,"Arrow of God (The African Trilogy, #2)",Chinua Achebe,"Achebe, Chinua",,"=""""","=""""",0,Anchor Books,Paperback,230,1989,1964,,2024/06/30,"to-read, shelf","to-read (#169), shelf (#1)",to-read,,,,0,0
24933757,"The Word for World Is Forest (Hainish Cycle, #5)",Ursula K. Le Guin,"Guin, Ursula K. Le",Ken MacLeod,"=""1473205786""","=""9781473205789""",0,Gollancz,Paperback,128,2015,1972,,2024/10/31,to-read,to-read (#195),to-read,,,,0,0
36529195,At the Mountains of Madness,H.P. Lovecraft,"Lovecraft, H.P.",,"=""0241341310""","=""9780241341315""",4.0,PENGUIN,Paperback,123,2018,1936,2024/10/31,2024/10/25,,,read,,,,1,0
51045451,The Moustache,Emmanuel Carrère,"Carrère, Emmanuel",,"=""1784876143""","=""9781784876142""",4.0,Vintage Classics,Paperback,192,2020,1986,2024/10/23,2024/02/02,,,read,,,,1,0
20814989,"Half Wild (The Half Bad Trilogy, #2)",Sally Green,"Green, Sally",,"=""0670017132""","=""9780670017133""",5.0,Viking Juvenile,Hardcover,432,2015,2015,,2022/06/04,,,read,,,,1,0
406235,Giovanni’s Room,James Baldwin,"Baldwin, James",,"=""""","=""""",5.0,Laurel,Paperback,178,1988,1956,2024/10/07,2024/07/22,,,read,,,,1,0
62998024,"Red Dust, White Snow",Pan Huiting,"Huiting, Pan",,"=""1914148401""","=""9781914148408""",2.0,Fairlight Books,Paperback,191,2023,,2024/10/04,2024/10/04,,,read,,,,1,0
35068705,"The Poppy War (The Poppy War, #1)",R.F. Kuang,"Kuang, R.F.",,"=""0062662597""","=""9780062662590""",4.0,Harper Voyager,Kindle Edition,545,2018,2018,2024/09/22,2024/03/06,,,read,,,,1,0
7364208,Un monde sans fin,Ken Follett,"Follett, Ken",,"=""2253125768""","=""9782253125761""",0,Le Livre de Poche,Mass Market Paperback,1337,2010,2007,,2024/09/22,to-read,to-read (#194),to-read,,,,0,0
854790,A History of the Arab Peoples,Albert Hourani,"Hourani, Albert",,"=""0446393924""","=""9780446393928""",0,Warner Books,Paperback,551,1992,1991,,2024/09/21,to-read,to-read (#193),to-read,,,,0,0
1169073,My Life in the Bush of Ghosts,Amos Tutuola,"Tutuola, Amos",,"=""0802131050""","=""9780802131058""",0,Grove Pr,Paperback,174,1962,1954,,2024/09/21,to-read,to-read (#192),to-read,,,,0,0
11337189,A Universe from Nothing: Why There Is Something Rather Than Nothing,Lawrence M. Krauss,"Krauss, Lawrence M.",Richard Dawkins,"=""145162445X""","=""9781451624458""",0,Atria Books,Hardcover,204,2012,2012,,2024/09/20,to-read,to-read (#191),to-read,,,,0,0
41817486,A Clockwork Orange,Anthony Burgess,"Burgess, Anthony",,"=""0393341763""","=""9780393341768""",0,W. W. Norton & Company,Paperback,240,2019,1962,,2024/09/20,to-read,to-read (#190),to-read,,,,0,0
31122,I Capture the Castle,Dodie Smith,"Smith, Dodie",,"=""0312181108""","=""9780312181109""",0,St. Martin's Press,Hardcover,408,1998,1948,,2024/09/20,,,read,,,,1,0
50379872,Class Trip (Vintage Editions),Emmanuel Carrère,"Carrère, Emmanuel",Linda Coverdale,"=""""","=""""",5.0,Vintage ,Kindle Edition,150,2020,1995,2024/09/20,2024/09/20,,,read,,,,1,0
20518872,"The Three-Body Problem (Remembrance of Earth’s Past, #1)",Liu Cixin,"Cixin, Liu",Ken Liu,"=""""","=""""",5.0,Tor Books,Hardcover,472,2014,2006,2024/09/20,2023/01/13,,,read,,,,1,0
205478762,Playground,Richard Powers,"Powers, Richard",,"=""1324086033""","=""9781324086031""",0,W. W. Norton & Company,Hardcover,381,2024,2024,,2024/09/03,to-read,to-read (#189),to-read,,,,0,0
208453879,Nearly All the Men in Lagos Are Mad,Damilare Kuku,"Kuku, Damilare",,"=""""","=""""",0,,Paperback,,,2024,,2024/08/21,to-read,to-read (#188),to-read,,,,0,0
14569052,Purple Hibiscus,Chimamanda Ngozi Adichie,"Adichie, Chimamanda Ngozi",,"=""1616202416""","=""9781616202415""",0,Algonquin Books,Paperback,336,2012,2003,,2024/08/21,to-read,to-read (#187),to-read,,,,0,0
52459864,"Iron Widow (Iron Widow, #1)",Xiran Jay Zhao,"Zhao, Xiran Jay",,"=""0735269939""","=""9780735269934""",2.0,Penguin Teen,Hardcover,394,2021,2021,2024/08/17,2024/08/17,,,read,,,,1,0
199406781,Microbes: The Unseen Agents of Climate Change,David L. Kirchman,"Kirchman, David L.",,"=""019768856X""","=""9780197688564""",0,Oxford University Press,Hardcover,231,2024,,,2024/08/05,to-read,to-read (#186),to-read,,,,0,0
59357120,Yellowface,R.F. Kuang,"Kuang, R.F.",,"=""""","=""""",4.0,The Borough Press,Hardcover,329,2023,2023,2024/08/03,2023/08/14,,,read,,,,1,0
75599182,Human Sacrifices,María Fernanda Ampuero,"Ampuero, María Fernanda",Frances Riddle,"=""""","=""""",0,Feminist Press,Kindle Edition,144,2023,2021,,2024/08/01,to-read,to-read (#185),to-read,,,,0,0
129035662,The Environmental Revolution: A Guide for the New Masters of the World,Max Nicholson,"Nicholson, Max",,"=""""","=""""",0,PENGUIN PUTNAM * TRADE,Paperback,0,1970,1970,,2024/07/24,currently-reading,currently-reading (#6),currently-reading,,,,1,0
41728452,The Silence of the Girls,Pat Barker,"Barker, Pat",,"=""0241983207""","=""9780241983201""",3.0,PENGUIN,Paperback,325,2019,2018,2024/07/23,2024/06/30,,,read,,,,1,0
53460650,The Circling Sky: On Nature and Belonging in an English Forest,Neil Ansell,"Ansell, Neil",,"=""1472272366""","=""9781472272362""",0,Headline Publishing Group,Hardcover,340,2021,2021,,2024/07/22,to-read,to-read (#184),to-read,,,,0,0
152057,All Men Are Mortal,Simone de Beauvoir,"Beauvoir, Simone de",,"=""0393308456""","=""9780393308457""",0,W. W. Norton & Company,Paperback,352,1992,1946,,2024/07/22,to-read,to-read (#183),to-read,,,,0,0
89724,We Have Always Lived in the Castle,Shirley Jackson,"Jackson, Shirley",Jonathan Lethem,"=""0143039970""","=""9780143039976""",0,Penguin Books,Paperback,152,2006,1962,,2024/07/22,to-read,to-read (#182),to-read,,,,0,0
374233,If on a Winter's Night a Traveler,Italo Calvino,"Calvino, Italo",William Weaver,"=""""","=""""",0,L&OD Key Porter,Paperback,260,1982,1979,,2024/07/22,to-read,to-read (#181),to-read,,,,0,0
31395589,Notes of a Crocodile,Qiu Miaojin,"Miaojin, Qiu",Bonnie Huie,"=""168137076X""","=""9781681370767""",0,NYRB Classics,Paperback,242,2017,1994,,2024/07/22,to-read,to-read (#180),to-read,,,,0,0
343,Perfume: The Story of a Murderer,Patrick Süskind,"Süskind, Patrick",John E. Woods,"=""""","=""""",0,Penguin Books,Paperback,263,1987,1985,,2024/07/22,to-read,to-read (#179),to-read,,,,0,0
25263557,The Meursault Investigation,Kamel Daoud,"Daoud, Kamel",John Cullen,"=""1590517512""","=""9781590517512""",0,Other Press,Paperback,143,2015,2013,,2024/07/16,to-read,to-read (#178),to-read,,,,0,0
1032019,Bad Samaritans: The Myth of Free Trade and the Secret History of Capitalism,Ha-Joon Chang,"Chang, Ha-Joon",,"=""1596913991""","=""9781596913998""",0,Bloomsbury Press,Hardcover,288,2007,2007,,2024/07/05,to-read,to-read (#177),to-read,,,,0,0
32861678,Go Figure: Things you didn’t know you didn’t know: The Economist Explains,Tom Standage,"Standage, Tom",,"=""1782832416""","=""9781782832416""",0,Economist Books,Kindle Edition,256,2016,2016,,2024/07/05,to-read,to-read (#176),to-read,,,,0,0
45974,The Book of Disquiet,Fernando Pessoa,"Pessoa, Fernando","Bernardo Soares, Richard Zenith","=""0141183047""","=""9780141183046""",0,Penguin Classics,Paperback,544,2002,1982,,2024/07/03,to-read,to-read (#175),to-read,,,,0,0
43575115,The Starless Sea,Erin Morgenstern,"Morgenstern, Erin",,"=""038554121X""","=""9780385541213""",0,Doubleday,Hardcover,498,2019,2019,,2024/07/03,to-read,to-read (#174),to-read,,,,0,0
46114,The Waves,Virginia Woolf,"Woolf, Virginia",,"=""0156949601""","=""9780156949606""",0,Harvest Books,Paperback,297,1978,1931,,2024/07/03,to-read,to-read (#173),to-read,,,,0,0
13082435,Água Viva,Clarice Lispector,"Lispector, Clarice","Stefan Tobler, Benjamin Moser","=""0811219909""","=""9780811219907""",0,New Directions,Paperback,88,2012,1973,,2024/07/03,to-read,to-read (#172),to-read,,,,0,0
5195214,A Killing Art: The Untold History of Tae Kwon Do,Alex Gillis,"Gillis, Alex",,"=""1550228250""","=""9781550228250""",0,ECW Press,Hardcover,264,2016,2008,,2024/06/30,to-read,to-read (#171),to-read,,,,0,0
18730592,Beautiful Game Theory: How Soccer Can Help Economics,Ignacio Palacios-Huerta,"Palacios-Huerta, Ignacio",,"=""0691144028""","=""9780691144023""",0,Princeton University Press,Hardcover,224,2014,2014,,2024/06/30,to-read,to-read (#170),to-read,,,,0,0
111085,"No Longer at Ease (The African Trilogy, #3)",Chinua Achebe,"Achebe, Chinua",,"=""""","=""""",0,Anchor,Paperback,196,1994,1961,,2024/06/30,to-read,to-read (#168),to-read,,,,0,0
8882740,Things Fall Apart,Chinua Achebe,"Achebe, Chinua",Biyi Bandele,"=""""","=""""",5.0,Penguin,Paperback,152,2007,1958,2024/06/30,2024/03/18,,,read,,,,1,0
147779009,Greek Lessons,Han Kang,"Kang, Han","Deborah     Smith, E. Yaewon","=""0241997062""","=""9780241997062""",4.0,Penguin Books Ltd,Paperback,149,2024,2011,2024/06/25,2024/06/20,,,read,,,,1,0
57224204,The Seven Moons of Maali Almeida,Shehan Karunatilaka,"Karunatilaka, Shehan",,"=""1908745908""","=""9781908745903""",3.0,Sort of Books,Hardcover,386,2022,2022,2024/06/20,2024/02/08,,,read,,,,1,0
53317459,Architecture in the Age of Artificial Intelligence: An Introduction to AI for Architects,Neil Leach,"Leach, Neil",,"=""1350165522""","=""9781350165526""",0,Bloomsbury Visual Arts,Hardcover,272,2022,,,2024/06/04,to-read,to-read (#167),to-read,,,,0,0
63017297,My Husband,Maud Ventura,"Ventura, Maud",Emma Ramadan,"=""0063274825""","=""9780063274822""",0,HarperVia,Hardcover,272,2023,2021,,2024/05/17,to-read,to-read (#166),to-read,,,,0,0
668282,The Driver's Seat,Muriel Spark,"Spark, Muriel",John Lanchester,"=""""","=""""",0,Penguin Books,Paperback,103,2006,1970,,2024/05/17,to-read,to-read (#165),to-read,,,,0,0
42983726,The Body in Question,Jill Ciment,"Ciment, Jill",,"=""052556537X""","=""9780525565376""",0,Vintage,Paperback,192,2020,2019,,2024/05/17,to-read,to-read (#164),to-read,,,,0,0
13456414,A Short Stay in Hell,Steven L. Peck,"Peck, Steven L.",,"=""098374842X""","=""9780983748427""",0,Strange Violin Editions,Paperback,108,2012,2011,,2024/05/17,to-read,to-read (#163),to-read,,,,0,0
200776812,Butter,Asako Yuzuki,"Yuzuki, Asako",Polly Barton,"=""0063236400""","=""9780063236400""",0,Ecco,Hardcover,464,2024,2017,,2024/05/09,to-read,to-read (#162),to-read,,,,0,0
122778203,The Premonition,Banana Yoshimoto,"Yoshimoto, Banana",Asa Yoneda,"=""0571382304""","=""9780571382309""",5.0,Faber & Faber,Paperback,133,2023,1988,2024/04/16,2024/02/02,,,read,,,,1,0
20527133,"Superintelligence: Paths, Dangers, Strategies",Nick Bostrom,"Bostrom, Nick",,"=""0199678111""","=""9780199678112""",0,Oxford University Press,Hardcover,352,2014,2014,,2024/03/18,to-read,to-read (#161),to-read,,,,0,0
1772910,White Nights,Fyodor Dostoevsky,"Dostoevsky, Fyodor",Olga Shartse,"=""""","=""""",0,,Paperback,82,1848,1848,,2024/03/16,to-read,to-read (#160),to-read,,,,0,0
166261463,Remarkably Bright Creatures,Shelby Van Pelt,"Pelt, Shelby Van",,"=""1526649675""","=""9781526649676""",3.0,Bloomsbury ,Mass Market Paperback,368,2023,2022,2024/03/07,2024/02/15,,,read,,,,1,0
40874032,"Vicious (Villains, #1)",V.E. Schwab,"Schwab, V.E.",Victoria Schwab,"=""""","=""""",0,Tor Books,Kindle Edition,402,2013,2013,,2024/03/06,to-read,to-read (#158),to-read,,,,0,0
485894,The Metamorphosis,Franz Kafka,"Kafka, Franz",Stanley Corngold,"=""0553213695""","=""9780553213690""",0,Bantam Classics,Mass Market Paperback,201,1972,1915,,2024/03/06,"to-read, shelf","to-read (#157), shelf (#8)",to-read,,,,0,0
31463,Far From the Madding Crowd,Thomas Hardy,"Hardy, Thomas","Rosemarie Morgan, Shannon Russell","=""""","=""""",0,Penguin Books,Paperback,433,2003,1874,,2024/03/06,to-read,to-read (#156),to-read,,,,0,0
57945316,Babel,R.F. Kuang,"Kuang, R.F.",,"=""0063021420""","=""9780063021426""",5.0,Harper Voyager,Hardcover,544,2022,2022,2024/02/06,2023/08/15,,,read,,,,1,0
55920252,Absorbed,Kylie Whitehead,"Whitehead, Kylie",,"=""1838171606""","=""9781838171605""",0,New Ruins,Paperback,246,2021,2021,,2024/02/02,to-read,to-read (#155),to-read,,,,0,0
6643156,Wish Her Safe at Home,Stephen Benatar,"Benatar, Stephen",John Carey,"=""159017335X""","=""9781590173350""",0,NYRB,Paperback,263,2010,1982,,2024/02/02,to-read,to-read (#154),to-read,,,,0,0
62826167,Morbid Obsessions,Frankie Miren,"Miren, Frankie",Alison Rumfitt,"=""1739784952""","=""9781739784959""",0,Cipher Press,Paperback,112,2022,2022,,2024/02/02,to-read,to-read (#153),to-read,,,,0,0
3181564,The Housekeeper and the Professor,Yōko Ogawa,"Ogawa, Yōko",Stephen    Snyder,"=""0312427808""","=""9780312427801""",0,Picador,Paperback,180,2009,2003,,2024/02/02,to-read,to-read (#152),to-read,,,,0,0
60654349,Weyward,Emilia Hart,"Hart, Emilia",,"=""125028080X""","=""9781250280800""",0,St. Martin's Press,Hardcover,329,2023,2023,,2024/02/01,to-read,to-read (#150),to-read,,,,0,0
52668915,"Entangled Life: How Fungi Make Our Worlds, Change Our Minds & Shape Our Futures",Merlin Sheldrake,"Sheldrake, Merlin",,"=""0525510311""","=""9780525510314""",0,Random House,Hardcover,352,2020,2020,,2024/01/29,to-read,to-read (#149),to-read,,,,0,0
219972,The Fall,Albert Camus,"Camus, Albert",,"=""""","=""""",0,Penguin,Paperback,92,2013,1956,,2024/01/29,to-read,to-read (#148),to-read,,,,0,0
58429977,"The Grand Game (The Grand Game, #1)",Tom   Elliot,"Elliot, Tom",,"=""""","=""""",0, Blooming Bull,ebook,617,2021,2021,,2024/01/27,to-read,to-read (#147),to-read,,,,0,0
61400844,Shy,Max Porter,"Porter, Max",,"=""0571377300""","=""9780571377305""",0,Faber & Faber,Hardcover,122,2023,2023,2024/01/23,2024/01/23,,,read,,,,1,0
54633167,Lonely Castle in the Mirror,Mizuki Tsujimura,"Tsujimura, Mizuki",,"=""0857527274""","=""9780857527271""",0,Doubleday,Hardcover,384,2021,2017,,2024/01/04,to-read,to-read (#146),to-read,,,,0,0
54849715,The Death of Vivek Oji,Akwaeke Emezi,"Emezi, Akwaeke",,"=""057135100X""","=""9780571351008""",5.0,Faber & Faber,Paperback,248,2021,2020,2023/12/21,2022/06/04,,,read,,,,1,0
41057294,Normal People,Sally Rooney,"Rooney, Sally",,"=""1984822179""","=""9781984822178""",0,Crown,Hardcover,273,2019,2018,,2023/12/20,to-read,to-read (#145),to-read,,,,0,0
41045102,Circe,Madeline Miller,"Miller, Madeline",,"=""1408890046""","=""9781408890042""",4.0,Bloomsbury Publishing,Paperback,337,2019,2018,2023/10/24,2022/06/04,,,read,,,,1,0
65923950,The Variations,Patrick Langley,"Langley, Patrick",,"=""1804270504""","=""9781804270509""",0,Fitzcarraldo Editions,Paperback,453,2023,,,2023/10/24,to-read,to-read (#144),to-read,,,,0,0
62919742,How to Say Babylon,Safiya Sinclair,"Sinclair, Safiya",,"=""1982132337""","=""9781982132330""",0,37 Ink,Hardcover,352,2023,2023,,2023/10/13,to-read,to-read (#143),to-read,,,,0,0
22055262,"A Darker Shade of Magic (Shades of Magic, #1)",V.E. Schwab,"Schwab, V.E.",Victoria Schwab,"=""0765376458""","=""9780765376459""",0,Tor,Hardcover,400,2015,2015,,2023/10/10,to-read,to-read (#142),to-read,,,,0,0
45967,The Blind Owl,Sadegh Hedayat,"Hedayat, Sadegh",D.P. Costello,"=""0802131808""","=""9780802131805""",0,Grove Press,Paperback,148,1957,1937,,2023/09/16,to-read,to-read (#141),to-read,,,,0,0
28936164,A Different Sea,Claudio Magris,"Magris, Claudio",,"=""178487132X""","=""9781784871321""",3.0,Vintage Classics,Paperback,112,2016,1991,2023/09/11,2023/09/01,,,read,,,,1,0
606305,Caught,Henry Green,"Green, Henry",,"=""1860468314""","=""9781860468315""",0,Panther,Paperback,206,2001,1943,,2023/09/05,to-read,to-read (#140),to-read,,,,0,0
920607,The Arrival,Shaun Tan,"Tan, Shaun",,"=""""","=""""",0,Lothian Books,Hardcover,132,2007,2007,,2023/09/01,to-read,to-read (#139),to-read,,,,0,0
2657,To Kill a Mockingbird,Harper Lee,"Lee, Harper",,"=""0060935464""","=""9780060935467""",0,Harper Perennial Modern Classics ,Paperback,323,2006,1960,,2023/09/01,to-read,to-read (#138),to-read,,,,0,0
68683,Danube: A Sentimental Journey from the Source to the Black Sea,Claudio Magris,"Magris, Claudio",,"=""1860468233""","=""9781860468230""",0,Harvill Panther,Paperback,416,2001,1986,,2023/09/01,to-read,to-read (#137),to-read,,,,0,0
13139098,Open City,Teju Cole,"Cole, Teju",,"=""""","=""""",0,Faber and Faber,Paperback,261,2012,2011,,2023/09/01,to-read,to-read (#136),to-read,,,,0,0
2900137,"The Trouble with Physics: The Rise of String Theory, the Fall of a Science and What Comes Next",Lee Smolin,"Smolin, Lee",,"=""0141018356""","=""9780141018355""",0,Penguin Books,Paperback,392,2008,2006,,2022/06/04,currently-reading,currently-reading (#1),currently-reading,,,,1,0
4457101,Flatland,Edwin A. Abbott,"Abbott, Edwin A.",Rosemary Jann,"=""019953750X""","=""9780199537501""",5.0,Oxford University Press,Paperback,124,2008,1884,2023/09/01,2023/08/15,,,read,,,,1,0
61098107,Sixty Harvests Left: How to Reach a Nature-Friendly Future,Philip Lymbery,"Lymbery, Philip",,"=""1526619326""","=""9781526619327""",0,Bloomsbury Publishing,Hardcover,358,2022,,,2023/08/31,to-read,to-read (#135),to-read,,,,0,0
58986604,"The Rise and Reign of the Mammals: A New History, from the Shadow of the Dinosaurs to Us",Steve Brusatte,"Brusatte, Steve",,"=""0062951513""","=""9780062951519""",0,Mariner Books,Hardcover,528,2022,2022,,2023/08/31,to-read,to-read (#134),to-read,,,,0,0
59575939,An Immense World: How Animal Senses Reveal the Hidden Realms Around Us,Ed Yong,"Yong, Ed",,"=""""","=""""",0,Random House,Hardcover,464,2022,2022,,2023/08/31,to-read,to-read (#133),to-read,,,,0,0
56845940,Sentient: What Animals Reveal About Our Senses,Jackie Higgins,"Higgins, Jackie",,"=""1529030781""","=""9781529030785""",0,Pan MacMillan,Paperback,224,2021,2021,,2023/08/31,to-read,to-read (#132),to-read,,,,0,0
56643993,Hurricane Lizards and Plastic Squid: The Fraught and Fascinating Biology of Climate Change,Thor Hanson,"Hanson, Thor",,"=""1541672429""","=""9781541672420""",0,Basic Books,Hardcover,280,2021,2021,,2023/08/31,to-read,to-read (#130),to-read,,,,0,0
36047860,Milkman,Anna Burns,"Burns, Anna",,"=""0571338763""","=""9780571338764""",0,Faber & Faber,Kindle Edition,352,2018,2018,,2023/08/31,to-read,to-read (#129),to-read,,,,0,0
18492619,Us Conductors,Sean   Michaels,"Michaels, Sean",,"=""1935639811""","=""9781935639817""",0,Tin House,Paperback,464,2014,2014,,2023/08/31,to-read,to-read (#127),to-read,,,,0,0
63046078,The Carnivorous Plant,Andrea Mayo,"Mayo, Andrea",Laura McGloughlin,"=""173982363X""","=""9781739823634""",0,3TimesRebel Press,Paperback,192,2022,2021,,2023/08/31,to-read,to-read (#126),to-read,,,,0,0
22405654,The Dream of My Return,Horacio Castellanos Moya,"Moya, Horacio Castellanos",Katherine Silver,"=""0811223434""","=""9780811223430""",0,New Directions,Paperback,136,2015,2013,,2023/08/31,to-read,to-read (#125),to-read,,,,0,0
40495148,Blindness,José Saramago,"Saramago, José",Giovanni Pontiero,"=""""","=""""",0,Mariner Books,Kindle Edition,349,2013,1995,,2023/08/31,to-read,to-read (#124),to-read,,,,0,0
15686,The Outsider,Albert Camus,"Camus, Albert",Joseph Laredo,"=""0141182504""","=""9780141182506""",0,Penguin Group,Paperback,119,2006,1942,,2023/08/31,to-read,to-read (#123),to-read,,,,0,0
14027,Thousand Cranes,Yasunari Kawabata,"Kawabata, Yasunari",Edward G. Seidensticker,"=""0679762655""","=""9780679762652""",0,Vintage,Paperback,147,1996,1952,,2023/08/31,to-read,to-read (#122),to-read,,,,0,0
9809,Invisible Cities,Italo Calvino,"Calvino, Italo",William Weaver,"=""0156453800""","=""9780156453806""",0,Harcourt,Paperback,165,1974,1972,,2023/08/31,to-read,to-read (#121),to-read,,,,0,0
9717,The Unbearable Lightness of Being,Milan Kundera,"Kundera, Milan",Michael Henry Heim,"=""0571224385""","=""9780571224388""",0,Harper Perennial,Paperback,314,2009,1984,,2023/08/31,to-read,to-read (#120),to-read,,,,0,0
17716,Waiting for Godot,Samuel Beckett,"Beckett, Samuel",,"=""""","=""""",0,Grove,Paperback,109,2011,1951,,2023/08/30,to-read,to-read (#119),to-read,,,,0,0
36885304,Flights,Olga Tokarczuk,"Tokarczuk, Olga",Jennifer  Croft,"=""0525534199""","=""9780525534198""",0,Riverhead Books,Hardcover,416,2018,2007,,2023/08/30,to-read,to-read (#118),to-read,,,,0,0
1012108,The Trial,Franz Kafka,"Kafka, Franz",,"=""0140186220""","=""9780140186222""",4.0,Penguin Classic,Paperback,178,1994,1925,2023/08/30,2023/08/12,,,read,,,,1,0
43124137,The Beekeeper of Aleppo,Christy Lefteri,"Lefteri, Christy",,"=""1984821210""","=""9781984821218""",0,Ballantine Books,Hardcover,317,2019,2019,,2023/08/30,to-read,to-read (#117),to-read,,,,0,0
43890641,Hamnet,Maggie O'Farrell,"O'Farrell, Maggie",,"=""1472223799""","=""9781472223791""",0,Tinder Press,Hardcover,372,2020,2020,,2023/08/22,to-read,to-read (#116),to-read,,,,0,0
61206488,"The Book of Minds: How to Understand Ourselves and Other Beings, from Animals to AI to Aliens",Philip Ball,"Ball, Philip",,"=""1529069149""","=""9781529069143""",0,Picador,Hardcover,512,2022,2022,,2023/01/02,currently-reading,currently-reading (#5),currently-reading,,,,1,0
159588897,The Bathysphere Book: Effects of the Luminous Ocean Depths,Brad   Fox,"Fox, Brad",,"=""1911590863""","=""9781911590866""",0,Pushkin ONE,Kindle Edition,384,2023,2023,,2023/08/20,to-read,to-read (#115),to-read,,,,0,0
56852365,Bach Cello Suites,Steven Isserlis,"Isserlis, Steven",,"=""0571366244""","=""9780571366248""",3.0,Faber & Faber,Hardcover,240,2021,2021,2023/08/20,2023/08/12,,,read,,,,1,0
52544164,On Earth We’re Briefly Gorgeous,Ocean Vuong,"Vuong, Ocean",,"=""1529110688""","=""9781529110685""",5.0,Vintage,Paperback,246,2020,2019,2023/04/08,2022/06/20,,,read,,,,1,0
24677663,Watching the English,Kate Fox,"Fox, Kate",,"=""1444785206""","=""9781444785203""",5.0,Hodder & Stoughton,Paperback,583,2014,2004,2023/08/17,2022/06/04,,,read,,,,1,0
23346396,Rubyfruit Jungle,Rita Mae Brown,"Brown, Rita Mae",,"=""178487051X""","=""9781784870515""",4.0,Vintage Classics,Paperback,240,2015,1973,,2023/08/12,,,read,,,,2,0
4069,Man's Search for Meaning,Viktor E. Frankl,"Frankl, Viktor E.","Harold S. Kushner, William J. Winslade, Ilse Lasch","=""080701429X""","=""9780807014295""",5.0,Beacon Press,Paperback,165,2006,1946,,2023/08/14,,,read,,,,1,0
12970777,Kafka on the Shore,Haruki Murakami,"Murakami, Haruki",,"=""""","=""""",0,Vintage Digital,Kindle Edition,512,2011,2002,,2023/08/14,to-read,to-read (#114),to-read,,,,0,0
46041199,"Kim Jiyoung, Born 1982",Cho Nam-Joo,"Nam-Joo, Cho",Jamie Chang,"=""1631496700""","=""9781631496707""",0,Liveright,Hardcover,163,2020,2016,,2023/07/26,to-read,to-read (#113),to-read,,,,0,0
90564440,Time's Mouth,Edan Lepucki,"Lepucki, Edan",,"=""1640095721""","=""9781640095724""",0,Counterpoint,Hardcover,416,2023,2023,,2023/07/25,to-read,to-read (#112),to-read,,,,0,0
62919387,The Great Transition,Nick Fuller Googins,"Googins, Nick Fuller",,"=""1668010755""","=""9781668010754""",0,Atria Books,Hardcover,352,2023,2023,,2023/07/25,to-read,to-read (#111),to-read,,,,0,0
64000639,Bridge,Lauren Beukes,"Beukes, Lauren",,"=""0316267880""","=""9780316267885""",0,"Little, Brown and Company",Hardcover,432,2023,2023,,2023/07/25,to-read,to-read (#110),to-read,,,,0,0
62972521,The Museum of Human History,Rebekah Bergman,"Bergman, Rebekah",,"=""1953534910""","=""9781953534910""",0,Tin House,Paperback,244,2023,2023,,2023/07/25,to-read,to-read (#109),to-read,,,,0,0
62919813,My Name Is Iris,Brando Skyhorse,"Skyhorse, Brando",,"=""1982177853""","=""9781982177850""",0,Avid Reader Press / Simon & Schuster,Hardcover,257,2023,2023,,2023/07/25,to-read,to-read (#108),to-read,,,,0,0
52770736,The Zoologist's Guide to the Galaxy: What Animals on Earth Reveal about Aliens – and Ourselves,Arik Kershenbaum,"Kershenbaum, Arik",,"=""024140679X""","=""9780241406793""",5.0,Viking,Hardcover,356,2020,2020,2023/07/23,2022/06/04,,,read,,,,1,0
60094039,Sea and Land: An Environmental History of the Caribbean,Philip J. Morgan,"Morgan, Philip J.","John R. McNeill, Matthew Mulcahy, Stuart B. Schwartz","=""0197555454""","=""9780197555453""",0,Oxford University Press,Hardcover,464,2022,2022,,2023/05/15,to-read,to-read (#107),to-read,,,,0,0
1736739,"Olive Kitteridge (Olive Kitteridge, #1)",Elizabeth Strout,"Strout, Elizabeth",,"=""""","=""""",0,Random House,Hardcover,270,2008,2008,,2023/04/08,to-read,to-read (#106),to-read,,,,0,0
68210,"Gilead (Gilead, #1)",Marilynne Robinson,"Robinson, Marilynne",,"=""031242440X""","=""9780312424404""",0,Picador ,Paperback,247,2006,2004,,2023/04/08,to-read,to-read (#105),to-read,,,,0,0
23841432,Night Sky with Exit Wounds,Ocean Vuong,"Vuong, Ocean",,"=""""","=""""",0,Copper Canyon Press,Paperback,89,2016,2016,,2023/04/08,to-read,to-read (#104),to-read,,,,0,0
61539,The Structure of Scientific Revolutions,Thomas S. Kuhn,"Kuhn, Thomas S.",,"=""0226458083""","=""9780226458083""",0,University of Chicago Press,Paperback,226,1996,1962,,2023/04/08,to-read,to-read (#103),to-read,,,,0,0
59695048,Existential Physics: A Scientist's Guide to Life's Biggest Questions,Sabine Hossenfelder,"Hossenfelder, Sabine",,"=""""","=""""",0,Viking,Kindle Edition,269,2022,2022,,2023/04/08,to-read,to-read (#102),to-read,,,,0,0
8049273,"The Elegant Universe: Superstrings, Hidden Dimensions, and the Quest for the Ultimate Theory",Brian Greene,"Greene, Brian",,"=""039333810X""","=""9780393338102""",0,W. W. Norton & Company,Paperback,464,2010,1999,,2023/04/03,to-read,to-read (#101),to-read,,,,0,0
22435,"The Fabric of the Cosmos: Space, Time, and the Texture of Reality",Brian Greene,"Greene, Brian",,"=""0965900584""","=""9780965900584""",0,Alfred Knopf,Paperback,569,2004,2004,,2023/04/03,to-read,to-read (#100),to-read,,,,0,0
29780253,Born a Crime: Stories from a South African Childhood,Trevor Noah,"Noah, Trevor",,"=""0385689225""","=""9780385689229""",0,Doubleday Canada,Hardcover,289,2016,2016,,2023/04/03,to-read,to-read (#99),to-read,,,,0,0
60769830,How Far the Light Reaches: A Life in Ten Sea Creatures,Sabrina Imbler,"Imbler, Sabrina",,"=""0316540536""","=""9780316540537""",0,"Little, Brown and Company",Hardcover,263,2022,2022,,2023/04/03,to-read,to-read (#98),to-read,,,,0,0
61102619,Pandora,Susan Stokes-Chapman,"Stokes-Chapman, Susan",,"=""0063280027""","=""9780063280021""",0,Harper Perennial,Paperback,408,2023,2022,,2023/02/21,to-read,to-read (#97),to-read,,,,0,0
61102615,Stone Blind,Natalie Haynes,"Haynes, Natalie",,"=""0063258390""","=""9780063258396""",0,Harper,Hardcover,373,2023,2022,,2023/02/21,to-read,to-read (#96),to-read,,,,0,0
61111298,River Sing Me Home,Eleanor Shearer,"Shearer, Eleanor",,"=""0593548043""","=""9780593548042""",0,Berkley,Hardcover,322,2023,2023,,2023/02/21,to-read,to-read (#95),to-read,,,,0,0
27213168,I Contain Multitudes: The Microbes Within Us and a Grander View of Life,Ed Yong,"Yong, Ed",,"=""0062368591""","=""9780062368591""",0,Ecco,Hardcover,368,2016,2016,,2023/01/03,to-read,to-read (#94),to-read,,,,0,0
7702335,The Music Instinct: How Music Works and Why We Can't Do Without It,Philip Ball,"Ball, Philip",,"=""1847920888""","=""9781847920881""",0,The Bodley Head,Hardcover,288,2010,2010,,2023/01/02,to-read,to-read (#93),to-read,,,,0,0
58537365,Unmasking Autism: Discovering the New Faces of Neurodiversity,Devon  Price,"Price, Devon",,"=""0593235231""","=""9780593235232""",0,Harmony,Hardcover,304,2022,2022,,2022/09/28,to-read,to-read (#92),to-read,,,,0,0
40595446,A Woman of No Importance: The Untold Story of the American Spy Who Helped Win World War II,Sonia Purnell,"Purnell, Sonia",,"=""073522529X""","=""9780735225299""",0,Viking,Hardcover,352,2019,2019,,2022/09/19,to-read,to-read (#91),to-read,,,,0,0
3431,The Five People You Meet in Heaven,Mitch Albom,"Albom, Mitch",,"=""0786868716""","=""9780786868711""",3.0,Hyperion,Hardcover,196,2003,2003,2022/09/19,2022/06/04,,,read,,,,1,0
3711,White Teeth,Zadie Smith,"Smith, Zadie",,"=""0375703861""","=""9780375703867""",0,Vintage,Paperback,448,2001,2000,,2022/09/06,,,read,,,,1,0
28116739,Other Minds,Peter Godfrey-Smith,"Godfrey-Smith, Peter",,"=""0374227764""","=""9780374227760""",5.0,"Farrar, Straus and Giroux",Hardcover,257,2016,2016,2022/08/14,2022/06/04,,,read,,,,1,0
59693959,Lapvona,Ottessa Moshfegh,"Moshfegh, Ottessa",,"=""""","=""""",0,Penguin Press,Kindle Edition,313,2022,2022,,2022/07/13,to-read,to-read (#89),to-read,,,,0,0
12896546,The History of Mathematics: A Very Short Introduction,Jacqueline A. Stedall,"Stedall, Jacqueline A.",,"=""0199599688""","=""9780199599684""",4.0,Oxford University Press,Paperback,123,2012,2012,2022/07/11,2022/06/04,,,read,,,,2,0
8520610,Quiet: The Power of Introverts in a World That Can't Stop Talking,Susan Cain,"Cain, Susan",,"=""0307352145""","=""9780307352149""",0,Crown Publishers,Hardcover,333,2012,2012,,2022/07/11,to-read,to-read (#88),to-read,,,,0,0
6149,Beloved,Toni Morrison,"Morrison, Toni",,"=""""","=""""",0,Vintage,Paperback,325,2004,1987,,2022/07/08,to-read,to-read (#87),to-read,,,,0,0
40538712,The Magic Feather Effect: The Science of Alternative Medicine and the Surprising Power of Belief,Melanie Warner,"Warner, Melanie",,"=""1501121499""","=""9781501121494""",5.0,Scribner,Hardcover,288,2019,2019,2022/07/06,2022/06/04,,,read,,,,1,0
54633172,The Promise,Damon Galgut,"Galgut, Damon",,"=""1784744069""","=""9781784744069""",0,Chatto & Windus,Hardcover,293,2021,2021,,2022/07/06,to-read,to-read (#86),to-read,,,,0,0
39277832,Play It as It Lays,Joan Didion,"Didion, Joan",,"=""0007414986""","=""9780007414987""",0,4th Estate,Paperback,214,2017,1970,,2022/07/06,to-read,to-read (#85),to-read,,,,0,0
31434883,Eleanor Oliphant Is Completely Fine,Gail Honeyman,"Honeyman, Gail",,"=""0735220689""","=""9780735220683""",0,Pamela Dorman Books / Viking,Hardcover,336,2017,2017,,2022/07/03,to-read,to-read (#84),to-read,,,,0,0
59093000,Here Goes Nothing,Steve Toltz,"Toltz, Steve",,"=""1612199712""","=""9781612199719""",0,Melville House,Hardcover,384,2022,2022,,2022/07/03,to-read,to-read (#83),to-read,,,,0,0
50074593,Cain's Jawbone,E. Powys Mathers,"Mathers, E. Powys",Torquemada,"=""1783527412""","=""9781783527410""",0,Unbound,Hardcover,100,2019,1934,,2022/06/20,to-read,to-read (#82),to-read,,,,0,0
6617037,"Debt: The First 5,000 Years",David Graeber,"Graeber, David",,"=""1933633867""","=""9781933633862""",0,Melville House,Hardcover,534,2011,2011,,2022/06/20,to-read,to-read (#81),to-read,,,,0,0
313110,This Bridge Called My Back: Writings by Radical Women of Color,Cherríe L. Moraga,"Moraga, Cherríe L.","Gloria E. Anzaldúa, Toni Cade Bambara","=""091317503X""","=""9780913175033""",0,Kitchen Table/Women of Color Press,Paperback,261,1983,1981,,2022/06/20,to-read,to-read (#80),to-read,,,,0,0
4806,Longitude: The True Story of a Lone Genius Who Solved the Greatest Scientific Problem of His Time,Dava Sobel,"Sobel, Dava",Neil Armstrong,"=""0802714625""","=""9780802714626""",0,Walker Books,Hardcover,184,2005,1995,,2022/06/20,to-read,to-read (#79),to-read,,,,0,0
40911692,Stars and Stellar Processes,Mike Guidry,"Guidry, Mike",,"=""1107197880""","=""9781107197886""",0,Cambridge University Press,Hardcover,572,2019,,,2022/06/20,to-read,to-read (#78),to-read,,,,0,0
9944801,Gravity's Fatal Attraction: Black Holes in the Universe,Mitchell Begelman,"Begelman, Mitchell",Martin J. Rees,"=""0521717930""","=""9780521717939""",0,Cambridge University Press,Paperback,312,2009,1995,,2022/06/20,to-read,to-read (#77),to-read,,,,0,0
233878,"The Dark Universe: Matter, Energy and Gravity (Space Telescope Science Institute Symposium Series, Series Number 15)",Mario Livio,"Livio, Mario",,"=""0521822270""","=""9780521822275""",0,Cambridge University Press,Hardcover,204,2004,2003,,2022/06/20,to-read,to-read (#76),to-read,,,,0,0
36952615,On a Sunbeam,Tillie Walden,"Walden, Tillie",,"=""1250178134""","=""9781250178138""",0,First Second,Paperback,533,2018,2018,,2022/06/20,to-read,to-read (#75),to-read,,,,0,0
43352954,This Is How You Lose the Time War,Amal El-Mohtar,"El-Mohtar, Amal",Max Gladstone,"=""""","=""""",0,Saga Press,ebook,209,2019,2019,,2022/06/20,to-read,to-read (#74),to-read,,,,0,0
52710961,Jews Don't Count,David Baddiel,"Baddiel, David",,"=""0008399476""","=""9780008399474""",0,TLS Books,Hardcover,144,2021,2021,,2022/06/20,to-read,to-read (#73),to-read,,,,0,0
54390506,A Brief History of Earth: Four Billion Years in Eight Chapters,Andrew H. Knoll,"Knoll, Andrew H.",,"=""0062853910""","=""9780062853912""",0,Custom House,Hardcover,272,2021,2021,,2022/06/13,to-read,to-read (#72),to-read,,,,0,0
6493208,The Immortal Life of Henrietta Lacks,Rebecca Skloot,"Skloot, Rebecca",,"=""1400052173""","=""9781400052172""",0,Crown Publishing Group,Hardcover,370,2010,2010,,2022/06/13,to-read,to-read (#71),to-read,,,,0,0
54860229,"The Mirror & the Light (Thomas Cromwell, #3)",Hilary Mantel,"Mantel, Hilary",,"=""1250182492""","=""9781250182494""",0,Holt Paperbacks,Paperback,759,2021,2020,,2022/06/11,to-read,to-read (#70),to-read,,,,0,0
17851885,I Am Malala: The Story of the Girl Who Stood Up for Education and Was Shot by the Taliban,Malala Yousafzai,"Yousafzai, Malala",Christina Lamb,"=""0316322407""","=""9780316322409""",0,"Little, Brown and Company",Hardcover,327,2013,2012,,2022/06/11,,,read,,,,1,0
16117978,"Wolf Hall / Bring Up the Bodies (Thomas Cromwell, #1-2)",Hilary Mantel,"Mantel, Hilary",,"=""1443422827""","=""9781443422826""",0,HarperCollins Publishers,Kindle Edition,965,2012,2012,,2022/06/07,to-read,to-read (#69),to-read,,,,0,0
53061,Death in Venice,Thomas Mann,"Mann, Thomas","Michael Henry Heim, Michael Cunningham","=""0060576170""","=""9780060576172""",0,Ecco,Paperback,142,2005,1911,,2022/06/07,to-read,to-read (#68),to-read,,,,0,0
23492643,Uniquely Human: A Different Way of Seeing Autism,Barry M. Prizant,"Prizant, Barry M.",Tom Fields-Meyer,"=""1476776237""","=""9781476776231""",0,Simon & Schuster,Hardcover,256,2015,2015,,2022/06/06,to-read,to-read (#67),to-read,,,,0,0
36687229,Hood Feminism: Notes from the Women That a Movement Forgot,Mikki Kendall,"Kendall, Mikki",,"=""""","=""""",5.0,Viking,Hardcover,267,2020,2020,2022/06/05,2022/06/04,,,read,,,,1,0
40890217,"A Radical Guide for Women with ADHD: Embrace Neurodiversity, Live Boldly, and Break Through Barriers",Sari Solden,"Solden, Sari","Michelle Frank, Ellen B. Littman","=""168403261X""","=""9781684032617""",0,New Harbinger Publications,Paperback,216,2019,2019,,2022/06/05,to-read,to-read (#66),to-read,,,,0,0
41104077,Invisible Women: Data Bias in a World Designed for Men,Caroline Criado Pérez,"Pérez, Caroline Criado",,"=""1419729071""","=""9781419729072""",0,Abrams Press,Hardcover,448,2019,2019,,2022/06/05,to-read,to-read (#65),to-read,,,,0,0
20696006,Being Mortal: Medicine and What Matters in the End,Atul Gawande,"Gawande, Atul",,"=""0805095152""","=""9780805095159""",0,Metropolitan Books,Hardcover,282,2014,2014,,2022/06/05,to-read,to-read (#64),to-read,,,,0,0
36578942,"The 100-Year-Old Man Who Climbed Out the Window and Disappeared (Hundred-Year-Old Man, #1)",Jonas Jonasson,"Jonasson, Jonas",,"=""""","=""""",0,Hachette Books,Kindle Edition,396,2012,2009,,2022/06/04,,,read,,,,1,0
57797679,Wahala,Nikki May,"May, Nikki",,"=""0063084244""","=""9780063084247""",0,Mariner Books,Hardcover,384,2022,2022,,2022/06/04,to-read,to-read (#63),to-read,,,,0,0
57773248,Notes on an Execution,Danya Kukafka,"Kukafka, Danya",,"=""0063052733""","=""9780063052734""",0,William Morrow,Hardcover,306,2022,2022,,2022/06/04,to-read,to-read (#62),to-read,,,,0,0
57789637,"Daughter of the Moon Goddess (The Celestial Kingdom, #1)",Sue Lynn Tan,"Tan, Sue Lynn",Kuri Huang,"=""0063031302""","=""9780063031302""",0,Harper Voyager,Hardcover,503,2022,2022,,2022/06/04,to-read,to-read (#61),to-read,,,,0,0
1116180,Xenakis,James Harley,"Harley, James",,"=""0415971454""","=""9780415971454""",0,Routledge,Hardcover,292,2010,2004,,2022/06/04,to-read,to-read (#60),to-read,,,,0,0
41817578,Mostly Dead Things,Kristen Arnett,"Arnett, Kristen",,"=""1947793306""","=""9781947793309""",0,Tin House,Hardcover,356,2019,2019,,2022/06/04,to-read,to-read (#59),to-read,,,,0,0
360934,Liquid Times: Living in an Age of Uncertainty,Zygmunt Bauman,"Bauman, Zygmunt",,"=""0745639879""","=""9780745639871""",0,Polity,Paperback,128,2007,2007,,2022/06/04,to-read,to-read (#58),to-read,,,,0,0
52767659,The End of Everything (Astrophysically Speaking),Katie  Mack,"Mack, Katie",,"=""198210354X""","=""9781982103545""",0,Scribner,Hardcover,226,2020,2020,,2022/06/04,to-read,to-read (#56),to-read,,,,0,0
49624060,"Explaining Humans: What Science Can Teach Us about Life, Love and Relationships",Camilla Pang,"Pang, Camilla",,"=""0241409608""","=""9780241409602""",0,Viking,Hardcover,239,2020,2020,,2022/06/04,to-read,to-read (#55),to-read,,,,0,0
51199750,"Some Assembly Required: Decoding Four Billion Years of Life, from Ancient Fossils to DNA",Neil Shubin,"Shubin, Neil",,"=""""","=""""",0,Pantheon,Hardcover,267,2020,2020,,2022/06/04,to-read,to-read (#54),to-read,,,,0,0
35270717,Unthinkable: What the World's Most Extraordinary Brains Can Teach Us About Our Own,Helen  Thomson,"Thomson, Helen",,"=""0062391186""","=""9780062391186""",0,Ecco,ebook,256,2018,2018,,2022/06/04,to-read,to-read (#53),to-read,,,,0,0
38819366,Artificial Intelligence: A Very Short Introduction,Margaret A. Boden,"Boden, Margaret A.",,"=""0199602913""","=""9780199602919""",0,Oxford University Press,Paperback,164,2018,2018,,2022/06/04,to-read,to-read (#51),to-read,,,,0,0
176905,Choice Theory: A Very Short Introduction,Michael Allingham,"Allingham, Michael",,"=""0192803034""","=""9780192803030""",0,Oxford University Press,Paperback,144,2002,2002,,2022/06/04,to-read,to-read (#50),to-read,,,,0,0
22104226,Climate Change: A Very Short Introduction,Mark Maslin,"Maslin, Mark",,"=""0198719043""","=""9780198719045""",0,Oxford University Press,Paperback,216,2014,2004,,2022/06/04,to-read,to-read (#49),to-read,,,,0,0
29952688,Cognitive Neuroscience: A Very Short Introduction,Richard Passingham,"Passingham, Richard",,"=""0198786220""","=""9780198786221""",0,Oxford University Press,Paperback,160,2016,2016,,2022/06/04,to-read,to-read (#48),to-read,,,,0,0
41551804,Extinction: A Very Short Introduction,Paul B. Wignall,"Wignall, Paul B.",,"=""0198807287""","=""9780198807285""",0,Oxford University Press,Paperback,144,2019,2019,,2022/06/04,to-read,to-read (#47),to-read,,,,0,0
32335801,Infinity: A Very Short Introduction,Ian Stewart,"Stewart, Ian",,"=""0198755236""","=""9780198755234""",0,Oxford University Press,Paperback,160,2017,2017,,2022/06/04,to-read,to-read (#46),to-read,,,,0,0
21920792,God: A Very Short Introduction,John Bowker,"Bowker, John",,"=""0198708955""","=""9780198708957""",0,Oxford University Press,Paperback,160,2014,2014,,2022/06/04,to-read,to-read (#45),to-read,,,,0,0
52003858,Philosophical Method: A Very Short Introduction,Timothy Williamson,"Williamson, Timothy",,"=""0198810008""","=""9780198810001""",0,Oxford University Press,Paperback,160,2020,2020,,2022/06/04,to-read,to-read (#44),to-read,,,,0,0
9460487,"Miss Peregrine's Home for Peculiar Children (Miss Peregrine's Peculiar Children, #1)",Ransom Riggs,"Riggs, Ransom",,"=""1594744769""","=""9781594744761""",0,Quirk,Hardcover,352,2011,2011,,2022/06/04,,,read,,,,1,0
28921,The Remains of the Day,Kazuo Ishiguro,"Ishiguro, Kazuo",,"=""""","=""""",0,Faber & Faber,Paperback,258,2005,1989,,2022/06/04,to-read,to-read (#43),to-read,,,,0,0
2429135,"The Girl With the Dragon Tattoo (Millennium, #1)",Stieg Larsson,"Larsson, Stieg",Reg Keeland,"=""0670069019""","=""9780670069019""",0,Viking Canada,Hardcover,480,2008,2005,,2022/06/04,to-read,to-read (#42),to-read,,,,0,0
19063,The Book Thief,Markus Zusak,"Zusak, Markus",,"=""""","=""""",0,Alfred A. Knopf,Kindle Edition,592,2006,2005,,2022/06/04,,,read,,,,1,0
77203,The Kite Runner,Khaled Hosseini,"Hosseini, Khaled",,"=""159463193X""","=""9781594631931""",0,Riverhead Books,Paperback,371,2004,2003,,2022/06/04,to-read,to-read (#41),to-read,,,,0,0
968,"The Da Vinci Code (Robert Langdon, #2)",Dan    Brown,"Brown, Dan",,"=""""","=""""",0,Anchor,Paperback,489,2006,2003,,2022/06/04,,,read,,,,1,0
6334,Never Let Me Go,Kazuo Ishiguro,"Ishiguro, Kazuo",,"=""1400078776""","=""9781400078776""",0,Vintage Books ,Paperback,288,2010,2005,,2022/06/04,to-read,to-read (#40),to-read,,,,0,0
41804,"I, Robot (Robot, #0.1)",Isaac Asimov,"Asimov, Isaac",,"=""0553803700""","=""9780553803709""",0,Bantam Books,Hardcover,224,2004,1950,,2022/06/04,to-read,to-read (#39),to-read,,,,0,0
36402034,Do Androids Dream of Electric Sheep?,Philip K. Dick,"Dick, Philip K.",,"=""""","=""""",0,Ballantine Books,ebook,258,2008,1968,,2022/06/04,to-read,to-read (#38),to-read,,,,0,0
13206900,"Winter (The Lunar Chronicles, #4)",Marissa Meyer,"Meyer, Marissa",,"=""0312642989""","=""9780312642983""",0,Feiwel & Friends,Hardcover,827,2015,2015,,2022/06/04,,,read,,,,1,0
13206828,"Cress (The Lunar Chronicles, #3)",Marissa Meyer,"Meyer, Marissa",,"=""0312642970""","=""9780312642976""",0,Feiwel & Friends,Hardcover,552,2014,2014,,2022/06/04,,,read,,,,1,0
13206760,"Scarlet (The Lunar Chronicles, #2)",Marissa Meyer,"Meyer, Marissa",,"=""0312642962""","=""9780312642969""",0,Feiwel & Friends,Hardcover,454,2013,2013,,2022/06/04,,,read,,,,1,0
36381037,"Cinder (The Lunar Chronicles, #1)",Marissa Meyer,"Meyer, Marissa",,"=""""","=""""",0,Feiwel & Friends,Hardcover,400,2012,2012,,2022/06/04,,,read,,,,1,0
43900612,Cinderella Is Dead,Kalynn  Bayron,"Bayron, Kalynn",,"=""1547603887""","=""9781547603886""",0,Bloomsbury YA,ebook,400,2020,2020,,2022/06/04,,,read,,,,1,0
10959,Sophie’s World,Jostein Gaarder,"Gaarder, Jostein",Paulette Møller,"=""1857993284""","=""9781857993288""",4.0,Phoenix,Paperback,403,1995,1991,,2022/06/04,,,read,,,,1,0
11387515,"Wonder (Wonder, #1)",R.J. Palacio,"Palacio, R.J.",,"=""0375869026""","=""9780375869020""",0,Alfred A. Knopf,Hardcover,315,2012,2012,,2022/06/04,,,read,,,,1,0
36199084,"The Kiss Quotient (The Kiss Quotient, #1)",Helen  Hoang,"Hoang, Helen",,"=""0451490819""","=""""",0,Berkley,Kindle Edition,333,2018,2018,,2022/06/04,to-read,to-read (#35),to-read,,,,0,0
16143347,We Were Liars,E. Lockhart,"Lockhart, E.",,"=""0385741278""","=""9780385741279""",5.0,Delacorte Press,Paperback,320,2018,2014,,2022/06/04,,,read,,,,1,0
22628,The Perks of Being a Wallflower,Stephen Chbosky,"Chbosky, Stephen",,"=""""","=""""",0,MTV Books/Pocket Books,Hardcover,213,1999,1999,,2022/06/04,,,read,,,,1,0
14828812,"Metaphysics: A Very Short Introduction (Very Short Introductions, #326)",Stephen Mumford,"Mumford, Stephen",,"=""0199657122""","=""9780199657124""",0,Oxford University Press,Paperback,128,2012,2012,,2022/06/04,to-read,to-read (#34),to-read,,,,0,0
595615,Human Rights: A Very Short Introduction,Andrew Clapham,"Clapham, Andrew",,"=""0199205523""","=""9780199205523""",0,Oxford University Press,Paperback,193,2007,2007,,2022/06/04,to-read,to-read (#33),to-read,,,,0,0
784171,Medical Ethics: A Very Short Introduction,Tony Hope,"Hope, Tony",,"=""0192802828""","=""9780192802828""",0,Oxford University Press,Paperback,168,2004,2004,,2022/06/04,to-read,to-read (#32),to-read,,,,0,0
74656,Intelligence: A Very Short Introduction,Ian J. Deary,"Deary, Ian J.",,"=""0192893211""","=""9780192893215""",0,"Oxford University Press, USA",Paperback,132,2001,2001,,2022/06/04,to-read,to-read (#31),to-read,,,,0,0
74637,The Brain: A Very Short Introduction,Michael O'Shea,"O'Shea, Michael",,"=""0192853929""","=""9780192853929""",0,Oxford University Press,Paperback,160,2006,2003,,2022/06/04,to-read,to-read (#30),to-read,,,,0,0
770989,Game Theory: A Very Short Introduction,Ken Binmore,"Binmore, Ken",,"=""0199218463""","=""9780199218462""",0,Oxford University Press,Paperback,208,2007,2007,,2022/06/04,to-read,to-read (#29),to-read,,,,0,0
83273,Nietzsche: A Very Short Introduction,Michael Tanner,"Tanner, Michael",,"=""0192854143""","=""9780192854148""",0,Oxford University Press,Paperback,113,2001,1995,,2022/06/04,to-read,to-read (#28),to-read,,,,0,0
55332506,Philosophy of Physics: A Very Short Introduction,David     Wallace,"Wallace, David",,"=""0198814321""","=""9780198814320""",0,Oxford University Press,Paperback,176,2021,2021,,2022/06/04,,,read,,,,1,0
12868681,Viruses: A Very Short Introduction,Dorothy H. Crawford,"Crawford, Dorothy H.",,"=""0199574855""","=""9780199574858""",0,Oxford University Press,Paperback,176,2011,2011,,2022/06/04,to-read,to-read (#27),to-read,,,,0,0
13338768,Plague: A Very Short Introduction,Paul Slack,"Slack, Paul",,"=""0199589542""","=""9780199589548""",0,Oxford University Press,Paperback,160,2012,2012,,2022/06/04,to-read,to-read (#26),to-read,,,,0,0
17841724,Black Holes: A Very Short Introduction,Katherine Blundell,"Blundell, Katherine",,"=""0199602662""","=""9780199602667""",5.0,Oxford University Press,Paperback,120,2016,2014,,2022/06/04,,,read,,,,1,0
29363252,"Conflict Is Not Abuse: Overstating Harm, Community Responsibility, and the Duty of Repair",Sarah Schulman,"Schulman, Sarah",,"=""1551526433""","=""9781551526430""",0,Arsenal Pulp Press,Paperback,299,2016,2016,,2022/06/04,to-read,to-read (#25),to-read,,,,0,0
4808763,The Last Question,Isaac Asimov,"Asimov, Isaac","Bob E. Flick, Jim Gallant","=""1884214495""","=""9781884214493""",0,Ziggurat Productions,Audio CD,9,2007,1956,,2022/06/04,,,read,,,,1,0
29581,"Foundation and Empire (Foundation, #2)",Isaac Asimov,"Asimov, Isaac",,"=""0553803727""","=""9780553803723""",0,Spectra,Hardcover,256,2004,1952,,2022/06/04,to-read,to-read (#24),to-read,,,,0,0
29579,"Foundation (Foundation, #1)",Isaac Asimov,"Asimov, Isaac",,"=""0553803719""","=""9780553803716""",0,Bantam,Hardcover,244,2004,1951,,2022/06/04,to-read,to-read (#23),to-read,,,,0,0
826845,The Chrysalids,John Wyndham,"Wyndham, John",,"=""""","=""""",0,Penguin Books,Mass Market Paperback,200,1977,1955,,2022/06/04,,,read,,,,1,0
530965,The Day of the Triffids,John Wyndham,"Wyndham, John",,"=""0812967127""","=""9780812967128""",0,Modern Library,Paperback,228,2003,1951,,2022/06/04,,,read,,,,1,0
12985,The Tempest,William Shakespeare,"Shakespeare, William","Paul Werstine, David Lindley, Israel Gollancz, Barbara A. Mowat, Arthur Wilson Verity, Georg Brandes, G.B. Harrison, William James Rolfe","=""""","=""""",0,Washington Square Press,Mass Market Paperback,218,2004,1611,,2022/06/04,,,read,,,,1,0
8852,Macbeth,William Shakespeare,"Shakespeare, William","Folger Shakespeare Library, Barbara A. Mowat, Paul Werstine","=""0743477103""","=""9780743477109""",0,Simon & Schuster,Mass Market Paperback,249,2013,1623,,2022/06/04,,,read,,,,1,0
17184,The Invisible Man,H.G. Wells,"Wells, H.G.",Scott Westerfeld,"=""0451528522""","=""9780451528520""",0,New American Library/Penguin Books,Mass Market Paperback,192,2002,1897,,2022/06/04,to-read,to-read (#22),to-read,,,,0,0
8909,The War of the Worlds,H.G. Wells,"Wells, H.G.",Arthur C. Clarke,"=""0375759239""","=""9780375759239""",0,Random House Publishing Group,Paperback,192,2002,1898,,2022/06/04,,,read,,,,1,0
2493,The Time Machine,H.G. Wells,"Wells, H.G.","Greg Bear, Carlo Pagetti","=""""","=""""",0,Signet Classics,Paperback,118,2002,1895,,2022/06/04,,,read,,,,1,0
24178,Charlotte’s Web,E.B. White,"White, E.B.","Garth Williams, Rosemary Wells","=""0064410935""","=""9780064410939""",0,HarperCollinsPublishers,Paperback,184,2001,1952,,2022/06/04,,,read,,,,1,0
12996,Othello,William Shakespeare,"Shakespeare, William","Barbara A. Mowat, Paul Werstine","=""""","=""""",0,Simon & Schuster,Mass Market Paperback,319,2003,1603,,2022/06/04,,,read,,,,1,0
84369,"The Last Battle (Chronicles of Narnia, #7)",C.S. Lewis,"Lewis, C.S.",,"=""0007202326""","=""9780007202324""",0,HarperCollins Publishers,Paperback,288,2005,1956,,2022/06/04,,,read,,,,1,0
65605,"The Magician’s Nephew (Chronicles of Narnia, #6)",C.S. Lewis,"Lewis, C.S.",,"=""0060764902""","=""9780060764906""",0,HarperCollins Narnia,Mass Market Paperback,221,2005,1955,,2022/06/04,,,read,,,,1,0
84119,"The Horse and His Boy (Chronicles of Narnia, #5)",C.S. Lewis,"Lewis, C.S.",,"=""0439861365""","=""9780439861366""",0,Scholastic Inc,Paperback,224,1995,1954,,2022/06/04,,,read,,,,1,0
65641,"The Silver Chair (Chronicles of Narnia, #4)",C.S. Lewis,"Lewis, C.S.",Pauline Baynes,"=""""","=""""",0,HarperCollins,Paperback,243,2008,1953,,2022/06/04,,,read,,,,1,0
140225,"The Voyage of the Dawn Treader (Chronicles of Narnia, #3)",C.S. Lewis,"Lewis, C.S.",Pauline Baynes,"=""006112527X""","=""9780061125270""",0,HarperCollins,Hardcover,248,2006,1952,,2022/06/04,,,read,,,,1,0
121749,"Prince Caspian (Chronicles of Narnia, #2)",C.S. Lewis,"Lewis, C.S.",,"=""000720230X""","=""9780007202300""",0,HarperCollins Publishers,Hardcover,240,2005,1951,,2022/06/04,,,read,,,,1,0
100915,"The Lion, the Witch and the Wardrobe (Chronicles of Narnia, #1)",C.S. Lewis,"Lewis, C.S.","Tormod Haugen, Per Svein Paulsen","=""""","=""""",0,HarperCollins Publishers,Paperback,206,2005,1950,,2022/06/04,,,read,,,,1,0
656,War and Peace,Leo Tolstoy,"Tolstoy, Leo","Aylmer Maude, Louise Maude","=""0192833987""","=""9780192833983""",0,Oxford University Press,Paperback,1392,1998,1868,,2022/06/04,to-read,to-read (#21),to-read,,,,0,0
17899948,Rebecca,Daphne du Maurier,"Maurier, Daphne du",,"=""0316323705""","=""9780316323703""",5.0,"Little, Brown and Company",Kindle Edition,449,2013,1938,,2022/06/04,,,read,,,,1,0
51496,Dr. Jekyll and Mr. Hyde,Robert Louis Stevenson,"Stevenson, Robert Louis","Vladimir Nabokov, Dan Chaon, Jerome Charyn, Simon Vestdijk","=""0451528956""","=""9780451528957""",0,Signet Classic,Mass Market Paperback,139,2003,1886,,2022/06/04,to-read,to-read (#20),to-read,,,,0,0
24583,The Adventures of Tom Sawyer,Mark Twain,"Twain, Mark","Guy Cardwell, John Seelye, Mark Hallaq, Amanda Lee","=""""","=""9780143039563""",0,Penguin Classics,Paperback,244,2006,1876,,2022/06/04,,,read,,,,1,0
48855,The Diary of a Young Girl,Anne Frank,"Frank, Anne","Eleanor Roosevelt, Susan Massotty, Γιάννης Θωμόπουλος, Barbara Mooyaart-Doubleday, Otto H. Frank, Mirjam Pressler","=""""","=""""",0,Bantam,Mass Market Paperback,283,1993,1947,,2022/06/04,,,read,,,,1,0
157993,The Little Prince,Antoine de Saint-Exupéry,"Saint-Exupéry, Antoine de",Richard Howard,"=""0152023984""","=""9780152023980""",0,"Harcourt, Inc.",Hardcover,96,2000,1943,,2022/06/04,,,read,,,,1,0
5326,A Christmas Carol,Charles Dickens,"Dickens, Charles",Joe L. Wheeler,"=""1561797464""","=""9781561797462""",0,Bethany House Publishers ,Paperback,184,1999,1843,,2022/06/04,,,read,,,,1,0
2956,"The Adventures of Huckleberry Finn (Adventures of Tom and Huck, #2)",Mark Twain,"Twain, Mark","Guy Cardwell, E.W. Kemble, John Seelye, Walter Trier, Tom Wilson, William Little Hughes","=""0142437174""","=""9780142437179""",0,Penguin Classics,Paperback,327,2002,1885,,2022/06/04,,,read,,,,1,0
1934,"Little Women (Little Women, #1)",Louisa May Alcott,"Alcott, Louisa May","Regina Barreca, Grzegorz Komerski, Marta Fihel","=""""","=""""",0,Signet Classics,Mass Market Paperback,449,2004,1868,,2022/06/04,,,read,,,,1,0
5107,The Catcher in the Rye,J.D. Salinger,"Salinger, J.D.",,"=""0316769177""","=""9780316769174""",0,Back Bay Books,Paperback,277,2001,1951,,2022/06/04,to-read,to-read (#19),to-read,,,,0,0
170448,Animal Farm,George Orwell,"Orwell, George","Russell Baker, C.M. Woodhouse","=""0451526341""","=""9780451526342""",0,Signet Classics,Mass Market Paperback,141,1996,1945,,2022/06/04,,,read,,,,1,0
40961427,1984,George Orwell,"Orwell, George",,"=""""","=""""",0,Houghton Mifflin Harcourt,ebook,298,2013,1949,,2022/06/04,,,read,,,,1,0
2153405,Still Alice,Lisa Genova,"Genova, Lisa",,"=""0595440096""","=""9780595440092""",0,Iuniverse Inc,Paperback,292,2007,2007,,2022/06/04,to-read,to-read (#17),to-read,,,,0,0
40121985,How to Hide an Empire: A History of the Greater United States,Daniel Immerwahr,"Immerwahr, Daniel",,"=""0374172145""","=""9780374172145""",0,"Farrar, Straus and Giroux",Hardcover,513,2019,2019,,2022/06/04,currently-reading,currently-reading (#4),currently-reading,,,,1,0
513367,In Search of Schrödinger's Cat: Quantum Physics and Reality,John Gribbin,"Gribbin, John",,"=""0553341030""","=""9780553342536""",0,Bantam,Paperback,320,1984,1984,,2022/06/04,to-read,to-read (#16),to-read,,,,0,0
36442813,The Order of Time,Carlo Rovelli,"Rovelli, Carlo",,"=""073521610X""","=""9780735216105""",0,Riverhead Books,Hardcover,224,2018,2017,,2022/06/04,to-read,to-read (#15),to-read,,,,0,0
55030,Cosmos,Carl Sagan,"Sagan, Carl",,"=""0375508325""","=""9780375508325""",0,Random House,Mass Market Paperback,384,2002,1980,,2022/06/04,to-read,to-read (#14),to-read,,,,0,0
5546,The Feynman Lectures on Physics,Richard P. Feynman,"Feynman, Richard P.","Robert B. Leighton, Matthew Sands","=""0805390456""","=""9780805390452""",0,Addison-Wesley,Hardcover,1552,2006,1964,,2022/06/04,to-read,to-read (#13),to-read,,,,0,0
39001,"Power, Sex, Suicide: Mitochondria and the Meaning of Life",Nick Lane,"Lane, Nick",,"=""0199205647""","=""9780199205646""",0,Oxford University Press,Paperback,354,2006,2005,,2022/06/04,to-read,to-read (#12),to-read,,,,0,0
30231743,Are We Smart Enough to Know How Smart Animals Are?,Frans de Waal,"Waal, Frans de",,"=""0393353664""","=""9780393353662""",0,W. W. Norton & Company,Paperback,275,2017,2016,,2022/06/04,to-read,to-read (#11),to-read,,,,0,0
12414734,The Epigenetics Revolution,Nessa Carey,"Carey, Nessa",,"=""""","=""""",0,Icon Books,Kindle Edition,320,2011,2011,,2022/06/04,currently-reading,currently-reading (#3),currently-reading,,,,1,0
4591,Genome: The Autobiography of a Species in 23 Chapters,Matt Ridley,"Ridley, Matt",,"=""0060894083""","=""9780060894085""",0,Harper Perennial,Paperback,344,2006,1999,,2022/06/04,to-read,to-read (#10),to-read,,,,1,0
25480342,A Monster Calls,Patrick Ness,"Ness, Patrick",,"=""1406361801""","=""9781406361803""",5.0,Walker Books,Paperback,237,2015,2011,,2022/06/04,,,read,,,,1,0
2241558,"The Other Queen (The Plantagenet and Tudor Novels, #16)",Philippa Gregory,"Gregory, Philippa",,"=""1416549129""","=""9781416549123""",0,Atria Books,Hardcover,438,2008,2008,,2022/06/04,,,read,,,,1,0
33368917,"The Last Tudor (The Plantagenet and Tudor Novels, #15)",Philippa Gregory,"Gregory, Philippa",,"=""147675876X""","=""9781476758763""",0,Atria Books,Hardcover,518,2017,2017,,2022/06/04,,,read,,,,1,0
252499,"The Queen's Fool (The Plantagenet and Tudor Novels, #13)",Philippa Gregory,"Gregory, Philippa",,"=""0743246071""","=""9780743246071""",0,Harper Collins,Paperback,504,2004,2003,,2022/06/04,,,read,,,,1,0
16183,"The Virgin's Lover (The Plantagenet and Tudor Novels, #14)",Philippa Gregory,"Gregory, Philippa",,"=""0743269268""","=""9780743269261""",0,Simon & Schuster,Paperback,441,2005,2004,,2022/06/04,,,read,,,,1,0
37470,"The Other Boleyn Girl (The Plantagenet and Tudor Novels, #9)",Philippa Gregory,"Gregory, Philippa",,"=""""","=""""",0,Washington Square Press,Paperback,661,2003,2001,,2022/06/04,,,read,,,,1,0
15849910,"The King's Curse (The Plantagenet and Tudor Novels, #7)",Philippa Gregory,"Gregory, Philippa",,"=""0857207563""","=""9780857207562""",0,Simon & Schuster Ltd,Hardcover,592,2014,2014,,2022/06/04,to-read,to-read (#9),to-read,,,,0,0
12326627,"The White Princess (The Plantagenet and Tudor Novels, #5)",Philippa Gregory,"Gregory, Philippa",,"=""""","=""""",0,Touchstone,ebook,544,2013,2013,,2022/06/04,,,read,,,,1,0
15801672,"The Kingmaker's Daughter (The Plantagenet and Tudor Novels, #4)",Philippa Gregory,"Gregory, Philippa",,"=""1451626088""","=""9781451626087""",0,Atria Books,Paperback,464,2013,2012,,2022/06/04,,,read,,,,1,0
7148256,"The Red Queen (The Plantagenet and Tudor Novels, #3)",Philippa Gregory,"Gregory, Philippa",,"=""1416563725""","=""9781416563723""",0,Atria Books,Hardcover,412,2010,2010,,2022/06/04,,,read,,,,1,0
5971165,"The White Queen (The Plantagenet and Tudor Novels, #2)",Philippa Gregory,"Gregory, Philippa",,"=""1416563687""","=""9781416563686""",0,Atria Books,Hardcover,415,2009,2009,,2022/06/04,,,read,,,,1,0
9542439,"The Lady of the Rivers (The Plantagenet and Tudor Novels, #1)",Philippa Gregory,"Gregory, Philippa",,"=""184737459X""","=""9781847374592""",0,Simon & Schuster Ltd,Hardcover,502,2011,2011,,2022/06/04,,,read,,,,1,0
36620738,The Secret Barrister: Stories of the Law and How It's Broken,The Secret Barrister,"Barrister, The Secret",,"=""1509841156""","=""""",0,Picador,Kindle Edition,385,2018,2018,,2022/06/04,to-read,to-read (#8),to-read,,,,0,0
23692271,Sapiens: A Brief History of Humankind,Yuval Noah Harari,"Harari, Yuval Noah",,"=""""","=""""",0,Vintage,Paperback,512,2015,2011,,2022/06/04,to-read,to-read (#7),to-read,,,,0,0
1589950,Newton's Madness: Further Tales of Clinical Neurology,Harold Klawans,"Klawans, Harold",,"=""0060920505""","=""9780060920500""",0,HarperCollins,Paperback,240,,1990,,2022/06/04,to-read,to-read (#6),to-read,,,,0,0
2623,Great Expectations,Charles Dickens,"Dickens, Charles","Kate Flint, Margaret Cardwell","=""0192833596""","=""9780192833594""",0,Oxford University Press,Paperback,544,1998,1861,,2022/06/04,,,read,,,,1,0
7624,Lord of the Flies,William Golding,"Golding, William",,"=""0140283331""","=""9780140283334""",4.0,Penguin Books ,Paperback,182,1999,1954,,2022/06/04,,,read,,,,1,0
5297,The Picture of Dorian Gray,Oscar Wilde,"Wilde, Oscar",Jeffrey Eugenides,"=""""","=""""",0,Random House: Modern Library,Paperback,272,2004,1890,,2022/06/04,to-read,to-read (#5),to-read,,,,0,0
55711706,Everyone in This Room Will Someday Be Dead,Emily R. Austin,"Austin, Emily R.",,"=""1982167351""","=""9781982167356""",0,Atria Books,Hardcover,256,2021,2021,,2022/06/04,to-read,to-read (#4),to-read,,,,0,0
39999,The Boy in the Striped Pajamas,John Boyne,"Boyne, John",,"=""0385751079""","=""9780385751070""",0,David Fickling Books,Hardcover,224,2006,2006,,2022/06/04,,,read,,,,1,0
3869,A Brief History of Time,Stephen W. Hawking,"Hawking, Stephen W.",,"=""0553380168""","=""9780553380163""",0,Bantam Books,Paperback,226,1998,1988,,2022/06/04,to-read,to-read (#3),to-read,,,,0,0
55463220,"Black and British: A Short, Essential History",David Olusoga,"Olusoga, David",,"=""1529064422""","=""""",0,Macmillan Children's Books,Kindle Edition,227,2020,2020,,2022/06/04,to-read,to-read (#2),to-read,,,,0,0
7260188,"Mockingjay (The Hunger Games, #3)",Suzanne Collins,"Collins, Suzanne",,"=""0439023513""","=""9780439023511""",0,Scholastic Press,Hardcover,390,2010,2010,,2022/06/04,,,read,,,,1,0
6148028,"Catching Fire (The Hunger Games, #2)",Suzanne Collins,"Collins, Suzanne",,"=""0439023491""","=""9780439023498""",0,Scholastic Press,Hardcover,391,2009,2009,,2022/06/04,,,read,,,,1,0
2767052,"The Hunger Games (The Hunger Games, #1)",Suzanne Collins,"Collins, Suzanne",,"=""0439023483""","=""9780439023481""",0,Scholastic Press,Hardcover,374,2008,2008,,2022/06/04,,,read,,,,1,0
18079804,"Half Bad (The Half Bad Trilogy, #1)",Sally Green,"Green, Sally",,"=""0670016780""","=""9780670016785""",5.0,Viking Childrens Books,Hardcover,394,2014,2014,,2022/06/04,,,read,,,,1,0
20814993,"Half Lost (The Half Bad Trilogy, #3)",Sally Green,"Green, Sally",,"=""0670017140""","=""9780670017140""",5.0,Viking Books for Young Readers,Hardcover,340,2016,2016,,2022/06/04,,,read,,,,1,0
17841723,Astrobiology: A Very Short Introduction,David C. Catling,"Catling, David C.",,"=""0199586454""","=""9780199586455""",4.0,Oxford University Press,Paperback,146,2014,2013,,2022/06/04,,,read,,,,1,0
1618,The Curious Incident of the Dog in the Night-Time,Mark Haddon,"Haddon, Mark",,"=""1400032717""","=""9781400032716""",5.0,Vintage,Paperback,226,2004,2003,,2022/06/04,,,read,,,,1,0
29056083,"Harry Potter and the Cursed Child: Parts One and Two (Harry Potter, #8)",J.K. Rowling,"Rowling, J.K.","Jack Thorne, John Tiffany","=""0540027340""","=""9780540027347""",3.0,"Little, Brown",Hardcover,343,2016,2016,,2022/06/04,,,read,,,,1,0
38447,"The Handmaid’s Tale (The Handmaid's Tale, #1)",Margaret Atwood,"Atwood, Margaret",,"=""038549081X""","=""9780385490818""",0,Anchor Books,Paperback,311,1998,1985,,2022/06/04,"to-read, shelf","to-read (#1), shelf (#3)",to-read,,,,0,0
4671,The Great Gatsby,F. Scott Fitzgerald,"Fitzgerald, F. Scott",,"=""0743273567""","=""9780743273565""",3.0,Scribner,Paperback,180,2025,1925,,2022/06/04,,,read,,,,1,0
54860614,Ariadne,Jennifer Saint,"Saint, Jennifer",,"=""125077358X""","=""9781250773586""",5.0,Flatiron Books,Hardcover,308,2021,2021,,2022/06/04,,,read,,,,1,0
32075671,"The Hate U Give (The Hate U Give, #1)",Angie Thomas,"Thomas, Angie",,"=""0062498533""","=""9780062498533""",4.0,Clarion Books,Hardcover,454,2017,2017,,2022/06/04,,,read,,,,1,0
13623848,The Song of Achilles,Madeline Miller,"Miller, Madeline",,"=""""","=""""",4.0,Ecco,Paperback,408,2012,2011,,2022/06/04,,,read,,,,1,0
22514020,NeuroTribes: The Legacy of Autism and the Future of Neurodiversity,Steve Silberman,"Silberman, Steve",Oliver Sacks,"=""158333467X""","=""9781583334676""",5.0,Avery/Penguin Random House LLC,Hardcover,477,2015,2015,,2022/06/04,,,read,,,,1,0
48890225,"Detransition, Baby",Torrey Peters,"Peters, Torrey",,"=""0593133374""","=""9780593133378""",5.0,One World,Hardcover,337,2021,2021,,2022/06/04,,,read,,,,1,0
136251,"Harry Potter and the Deathly Hallows (Harry Potter, #7)",J.K. Rowling,"Rowling, J.K.",,"=""""","=""""",0,Arthur A. Levine Books,Hardcover,759,2007,2007,,2022/06/04,,,read,,,,1,0
1,"Harry Potter and the Half-Blood Prince (Harry Potter, #6)",J.K. Rowling,"Rowling, J.K.",,"=""""","=""""",0,Scholastic Inc,Paperback,652,2006,2005,,2022/06/04,,,read,,,,1,0
2,"Harry Potter and the Order of the Phoenix (Harry Potter, #5)",J.K. Rowling,"Rowling, J.K.",Mary GrandPré,"=""0439686520""","=""9780439686525""",0,Scholastic Inc.,Paperback,576,2004,2003,,2022/06/04,,,read,,,,1,0
6,"Harry Potter and the Goblet of Fire (Harry Potter, #4)",J.K. Rowling,"Rowling, J.K.",Mary GrandPré,"=""0439139597""","=""9780439139595""",0,Scholastic,Paperback,734,2002,2000,,2022/06/04,,,read,,,,1,0
5,"Harry Potter and the Prisoner of Azkaban (Harry Potter, #3)",J.K. Rowling,"Rowling, J.K.",Mary GrandPré,"=""043965548X""","=""9780439655484""",0,Scholastic Inc.,Mass Market Paperback,547,2004,1999,,2022/06/04,,,read,,,,1,0
15881,"Harry Potter and the Chamber of Secrets (Harry Potter, #2)",J.K. Rowling,"Rowling, J.K.",Mary GrandPré,"=""""","=""""",0,Arthur A. Levine Books,Hardcover,341,1999,1998,,2022/06/04,,,read,,,,1,0
3,"Harry Potter and the Sorcerer's Stone (Harry Potter, #1)",J.K. Rowling,"Rowling, J.K.",,"=""0439554934""","=""9780439554930""",0,Scholastic Inc,Hardcover,309,2003,1997,,2022/06/04,,,read,,,,1,0
480212,Socialism: A Very Short Introduction,Michael  Newman,"Newman, Michael",,"=""0192804316""","=""9780192804310""",0,Oxford University Press,Paperback,162,2005,2005,,2022/06/04,currently-reading,currently-reading (#2),currently-reading,,,,1,0
