Book Id,Title,Author,Author l-f,Additional Authors,ISBN,ISBN13,My Rating,Publisher,Binding,Number of Pages,Year Published,Original Publication Year,Date Read,Date Added,Bookshelves,Bookshelves with positions,Exclusive Shelf,My Review,Spoiler,Private Notes,Read Count,Owned Copies
205668518,"North Sun, or The Voyage of the Whaleship Esther",Ethan Rutherford,"Rutherford, Ethan",,"=""1646053583""","=""9781646053582""",5.0,A Strange Object,Paperback,389,2025,2025,2026/08/10,2026/08/06,,,read,"More of a 4.5. Captivating and with a beautiful flow, very very subtle in many ways.",,,1,0
2059698,Pădureanca,Ioan Slavici,"Slavici, Ioan",,"=""9732107200""","=""""",5.0,Cartex 2000,Paperback,144,2004,1884,2026/08/06,2026/08/06,,,read,,,,1,0
241126782,Land,Maggie O'Farrell,"O'Farrell, Maggie",,"=""0593320646""","=""9780593320648""",0,Knopf,Hardcover,400,2026,2026,,2026/07/30,currently-reading,currently-reading (#16),currently-reading,,,,1,0
1940878,The Savage Detectives,Roberto Bolaño,"Bolaño, Roberto",Natasha Wimmer,"=""0312427484""","=""9780312427481""",5.0,Picador,Paperback,648,2008,1998,2026/07/29,2026/07/17,,,read,,,,1,0
635150,La vie devant soi,Romain Gary,"Gary, Romain",Émile Ajar,"=""""","=""""",0,Editions Gallimard,Paperback,273,1982,1975,,2026/07/29,currently-reading,currently-reading (#15),currently-reading,,,,1,0
20513005,Le Serpent,Stig Dagerman,"Dagerman, Stig","C.G. Bjurström, Hervé Coville","=""2070760073""","=""9782070760077""",0,L'Imaginaire - Gallimard,Paperback,281,2011,1945,,2026/07/13,currently-reading,currently-reading (#14),currently-reading,,,,1,0
253040257,Rebarbor,Alexandru Monciu-Sudinski,"Monciu-Sudinski, Alexandru",,"=""6306610804""","=""9786306610808""",4.0,Datagroup,Paperback,338,2026,,2026/07/13,2026/07/11,,,read,,,,1,0
237934436,Bad Habit,Alana S. Portero,"Portero, Alana S.",Mara Faye Lethem,"=""0008663335""","=""9780008663339""",5.0,Fourth Estate Ltd,Paperback,240,2025,2023,2026/07/10,2026/07/08,,,read,,,,1,0
12246557,"""Disent les imbéciles""",Nathalie Sarraute,"Sarraute, Nathalie",,"=""2070295230""","=""9782070295234""",2.0,GALLIMARD,Paperback,200,1976,1976,2026/07/08,2026/07/08,,,read,,,,1,0
225396,Jacob's Room,Virginia Woolf,"Woolf, Virginia",Suzanne Raitt,"=""039392632X""","=""9780393926323""",4.0,Norton,Paperback,324,2007,1922,2026/07/08,2021/02/21,,,read,,,,1,0
205363984,Taiwan Travelogue,Yáng Shuāng-zǐ,"Shuāng-zǐ, Yáng","楊双子, Lin King","=""1644453150""","=""9781644453155""",4.0,Graywolf Press,Paperback,298,2024,2020,2026/07/06,2026/06/20,,,read,,,,1,0
247438732,Été,Edith Wharton,"Wharton, Edith",,"=""2818066379""","=""9782818066379""",4.0,POL,,336,2026,,2026/07/02,2026/07/02,,,read,,,,1,0
1233242,Grief Lessons: Four Plays by Euripides (New York Review Books Classics),Euripides,"Euripides, Euripides",Anne Carson,"=""1590172531""","=""9781590172537""",4.0,NYRB Classics,Paperback,312,2008,-416,2026/07/01,2026/06/28,,,read,,,,1,0
242215668,Granta 175: Scandinavia (The Magazine of New Writing),Thomas Meaney,"Meaney, Thomas",,"=""1909889814""","=""9781909889811""",0,Granta Magazine,Kindle Edition,338,2026,,2026/06/28,2026/06/28,,,read,,,,1,0
202413432,Notre part de nuit,Mariana Enriquez,"Enriquez, Mariana",Anne Plantagenet,"=""2896946160""","=""9782896946167""",4.0,Alto,Mass Market Paperback,,2023,2019,2026/06/24,2026/06/19,,,read,,,,1,0
314800,Dix heures et demie du soir en été,Marguerite Duras,"Duras, Marguerite",,"=""2070376990""","=""9782070376995""",4.0,Gallimard,Paperback,151,2000,1960,2026/06/23,2026/06/22,,,read,,,,1,0
236819,"March Violets (Bernie Gunther, #1)",Philip Kerr,"Kerr, Philip",,"=""0142004146""","=""9780142004142""",0,G.P. Putnam's Sons,Paperback,245,2004,1989,,2026/05/09,did-not-finish,did-not-finish (#1),did-not-finish,,,,1,0
224004055,Mother Mary Comes to Me,Arundhati Roy,"Roy, Arundhati",,"=""1668094711""","=""9781668094716""",5.0,Scribner,Hardcover,331,2025,2025,2026/06/19,2026/06/01,,,read,,,,1,0
45858815,My Mother Laughs,Chantal Akerman,"Akerman, Chantal","Daniella Shreir, Eileen Myles","=""0995716234""","=""9780995716230""",5.0,Silver Press,Paperback,209,2019,2013,2026/06/15,2026/06/10,,,read,,,,1,0
762821,A Sentimental Journey,Laurence Sterne,"Sterne, Laurence",,"=""0140437797""","=""9780140437799""",3.0,Penguin Classics,Paperback,170,2002,1768,2026/06/01,2026/05/29,,,read,"Read this after studying Tristram Shandy ! I much prefer TS, but it was nice to read some Yorick POV too. Quite bawdy, yet TS was more creative on that one. Lastly, a great occasion to mock both the English and the French. ",,,1,0
166997,Stoner,John  Williams,"Williams, John",John McGahern,"=""1590171993""","=""9781590171998""",5.0,New York Review Books,Paperback,292,2006,1965,2026/05/29,2025/09/20,,,read,,,,1,0
200782931,Reflections in a Golden Eye,Carson McCullers,"McCullers, Carson",,"=""0141184450""","=""9780141184456""",0,Penguin Classic,Paperback,101,2018,1941,,2026/05/29,to-read,to-read (#113),to-read,,,,0,0
231852385,MELANCOLIA,Mircea Cărtărescu,"Cărtărescu, Mircea",,"=""2369149930""","=""9782369149934""",4.0,LIBRETTO,,304,2025,2019,2026/05/28,2026/05/28,,,read,,,,1,0
63376122,Om udregning af rumfang IV,Solvej Balle,"Balle, Solvej",,"=""8797184802""","=""9788797184806""",4.0,Pelagraf,Paperback,175,2022,2022,2026/04/26,2025/04/23,,,read,,,,1,0
209833,"If Not, Winter: Fragments of Sappho (Vintage Contemporaries)",Sappho,"Sappho, Sappho",Anne Carson,"=""0375724516""","=""9780375724510""",5.0,Vintage Books,Paperback,416,2003,-550,2026/04/25,2026/04/25,,,read,,,,1,0
235843811,Poetica vulgaris,Medeea Iancu,"Iancu, Medeea",,"=""""","=""""",0,editura frACTalia,Unknown Binding,190,2025,,,2026/04/25,to-read,to-read (#112),to-read,,,,0,0
2534041,La Porte,Magda Szabó,"Szabó, Magda",Chantal Philippe,"=""2878582004""","=""9782878582000""",4.0,Viviane Hamy,Paperback,300,2005,1987,2026/04/11,2026/04/01,,,read,"Definitely a 4,5 star read, I have never read a book like this before in terms of its characters and themes, very impressed by the French translation too. I would encourage anyone to check it out. I don’t think that Emerence’s character ever becomes redundant. In fact, I think that all the obsessions built through and about her are well done. The last few pages of the book were a bit underwhelming, yet very intriguing read for sure. My first piece of Hungarian literature, so very curious to read more! ",,,1,0
150252,The Beauty of the Husband: A Fictional Essay in 29 Tangos,Anne Carson,"Carson, Anne",,"=""0375707573""","=""9780375707575""",5.0,Vintage Books,Paperback,160,2002,2001,2026/03/30,2026/03/30,,,read,,,,1,0
90051,The Complete Poems,Constantinos P. Cavafy,"Cavafy, Constantinos P.","Rae Dalven, W.H. Auden","=""0156198207""","=""9780156198202""",5.0,Ecco,Paperback,310,1976,1935,2026/03/30,2026/03/27,,,read,Read this beautiful collection on the way to Athens! Really recommend it!!!,,,1,0
436982,Notes from the Underground,Fyodor Dostoevsky,"Dostoevsky, Fyodor",Constance Garnett,"=""""","=""""",0,Dover Publications,Paperback,96,1992,1864,,2026/03/27,to-read,to-read (#111),to-read,,,,0,0
210693538,Agnès,Peter Stamm,"Stamm, Peter",,"=""2267048108""","=""9782267048100""",3.0,BOURGOIS,,192,2024,1998,2026/03/12,2026/03/11,,,read,,,,1,0
234686504,La trilogie de Copenhague: Enfance - Jeunesse - Dépendance,Tove Ditlevsen,"Ditlevsen, Tove",,"=""2267055864""","=""9782267055863""",5.0,Bourgois,,496,2025,1971,2026/03/11,2026/03/11,,,read,"Absolutely excellent. Last part will destroy you. Really loved it, curious to read more of her poetry.",,,1,0
60115681,Histoires de la nuit,Laurent Mauvignier,"Mauvignier, Laurent",,"=""2707347264""","=""9782707347268""",0,Minuit ,Mass Market Paperback,608,2022,2020,,2026/03/01,currently-reading,currently-reading (#13),currently-reading,,,,1,0
239256038,James,Percival Everett,"Everett, Percival",,"=""1035031264""","=""9781035031269""",4.0,Picador,Paperback,305,2025,2024,2026/03/01,2026/02/28,,,read,,,,1,0
241323599,Jour de ressac,Maylis de Kerangal,"Kerangal, Maylis de",Unknown Author,"=""2073133150""","=""9782073133151""",3.0,FOLIO,,272,2026,2024,2026/02/28,2026/02/27,,,read,,,,1,0
3217609,Tous mes amis,Marie NDiaye,"NDiaye, Marie",,"=""2707318590""","=""9782707318596""",0,Les éditions de minuit,Paperback,174,2004,2004,,2026/02/28,to-read,to-read (#110),to-read,,,,0,0
59053850,Om udregning af rumfang III,Solvej Balle,"Balle, Solvej",,"=""8799584891""","=""9788799584895""",3.0,Pelagraf,Paperback,176,2021,2021,2026/02/27,2025/04/23,,,read,"Okay, more like 2,5-3 stars (goodreads should have half stars like Letterboxd). Anyway. It’s getting a bit redundant, which is concerning given that there are other 4 books on their way. Felt like a “buffer book” compared to the others which had more spine. Looking forward to the fourth one, I still believe she writes very well and keeps a lot of potential to develop the main tension of the series, yet this third volume was rather disappointing. ",,,1,0
51587,The Sluts,Dennis Cooper,"Cooper, Dennis",,"=""0786716746""","=""9780786716746""",0,Carroll & Graf Publishers,Paperback,263,2005,2004,,2026/02/14,to-read,to-read (#109),to-read,,,,0,0
436806,Story of the Eye,Georges Bataille,"Bataille, Georges",Joachim Neugroschel,"=""0872862097""","=""9780872862098""",0,City Lights Publishers,Paperback,103,1987,1928,,2026/02/14,to-read,to-read (#108),to-read,,,,0,0
34043233,The Waves,Virginia Woolf,"Woolf, Virginia",,"=""""","=""""",5.0,,Kindle Edition,177,2016,1931,2026/02/14,2025/05/06,,,read,,,,1,0
18230875,Mic dejun la Tiffany,Truman Capote,"Capote, Truman",Constantin Popescu,"=""9734631977""","=""9789734631971""",4.0,Polirom,Paperback,187,2012,1958,2018/03/02,2018/03/02,,,read,,,,1,0
37677,The Call of the Wild / White Fang,Jack London,"London, Jack",,"=""1587263890""","=""9781587263897""",4.0,Ann Arbor Media,Hardcover,292,2006,1903,,2017/01/25,,,read,,,,1,0
60522236,Seyvoz,Maylis de Kerangal,"Kerangal, Maylis de",Joy Sorman,"=""2360841394""","=""9782360841394""",3.0,Inculte,Paperback,100,2022,2022,2025/10/16,2025/10/16,,,read,,,,1,0
5479,Brave New World and Brave New World Revisited,Aldous Huxley,"Huxley, Aldous",Christopher Hitchens,"=""0060776099""","=""9780060776091""",0,Harper Perennial Modern Classics,Paperback,340,2005,1932,,2019/03/09,,,read,,,,1,0
9649502,L'arte della gioia,Goliarda Sapienza,"Sapienza, Goliarda",,"=""8806189468""","=""9788806189464""",0,Giulio Einaudi Editore,Hardcover,540,2008,1998,,2025/07/14,currently-reading,currently-reading (#12),currently-reading,,,,1,0
29931317,Palatul de gheață. Sămânța,Tarjei Vesaas,"Vesaas, Tarjei",Eugenia Ionescu,"=""""","=""""",5.0,Univers,Paperback,384,1989,,2017/01/23,2017/01/26,,,read,,,,1,0
15828827,Monstrul fericit,Radu Vancu,"Vancu, Radu",,"=""""","=""""",4.0,Cartier,Paperback,76,2009,2009,2025/04/25,2025/04/25,,,read,,,,1,0
122837489,Kick the Latch,Kathryn Scanlan,"Scanlan, Kathryn",,"=""1914198255""","=""9781914198250""",5.0,Daunt Books Publishing,Paperback,170,2023,2022,2025/04/24,2025/04/24,,,read,"J’ai trouvé ce livre que j’avais acheté il y a deux ans à Groningen. Une lecture facile, intense et passionnante car je ne connaissais rien sur la vie de horse racers. À lire!",,,1,0
215272402,Magnolia,Luca Ștefan Ouatu,"Ouatu, Luca Ștefan",,"=""""","=""""",5.0,OMG,Paperback,146,2024,,2025/04/24,2025/04/24,,,read,,,,1,0
202796746,Om udregning af rumfang V,Solvej Balle,"Balle, Solvej",,"=""8797184810""","=""9788797184813""",0,Pelagraf,Paperback,194,2023,2023,,2025/04/23,to-read,to-read (#107),to-read,,,,0,0
55451684,Om udregning af rumfang II,Solvej Balle,"Balle, Solvej",,"=""8799584883""","=""9788799584888""",4.0,Pelagraf,Paperback,180,2020,2020,2025/04/23,2025/04/12,,,read,"I devoured these books, but I feel a certain fatigue thinking that there are other 5 in the series (3 already out in Danish and 2 to be written). The last 30 pages of this one were boring, and the cliffhanger comes on the last page, very quick and a bit weird. Waiting for the next 3 to be translated into English. The second one was a bit less exciting than the first. ",,,1,0
16059376,Metaphysical Dog,Frank Bidart,"Bidart, Frank",,"=""0374173613""","=""9780374173616""",0,"Farrar, Straus and Giroux",Hardcover,113,2013,2013,,2025/04/17,to-read,to-read (#106),to-read,,,,0,0
222532848,Martyr!,Kaveh Akbar,"Akbar, Kaveh",,"=""1035026082""","=""9781035026081""",0,Picador,Paperback,352,2025,2024,,2025/04/17,currently-reading,currently-reading (#11),currently-reading,,,,1,0
22126500,Zenobia,Gellu Naum,"Naum, Gellu",,"=""9734644963""","=""9789734644964""",5.0,Polirom,Paperback,220,2014,1985,2025/04/15,2025/04/13,,,read,,,,1,0
808177,Orbitor. Aripa stângă,Mircea Cărtărescu,"Cărtărescu, Mircea",,"=""""","=""""",4.0,Humanitas,Paperback,352,1996,1996,2025/04/13,2025/04/13,,,read,,,,1,0
42775861,Dimineaţă pierdută,Gabriela Adameșteanu,"Adameșteanu, Gabriela",,"=""9734675982""","=""9789734675982""",0,Polirom,Paperback,496,2018,1983,,2025/04/12,to-read,to-read (#105),to-read,,,,0,0
207293782,Didion and Babitz,Lili Anolik,"Anolik, Lili",,"=""1668065487""","=""9781668065488""",0,Scribner,Hardcover,352,2024,2024,,2025/04/12,to-read,to-read (#104),to-read,,,,0,0
221256639,On the Calculation of Volume I,Solvej Balle,"Balle, Solvej",Barbara J. Haveland,"=""""","=""""",5.0,Faber & Faber,Paperback,192,2025,2020,2025/04/12,2025/04/12,,,read,,,,1,0
36444484,Lincoln in the Bardo,George Saunders,"Saunders, George",,"=""1408871777""","=""9781408871775""",3.0,Bloomsbury Publishing,Paperback,343,2017,2017,2025/04/10,2025/04/08,,,read,,,,1,0
4530953,Cartea Mironei,Cella Serghi,"Serghi, Cella",,"=""""","=""""",5.0,Litera,Hardcover,399,2008,1950,2025/04/08,2023/09/03,,,read,,,,1,0
223258535,Șopârla din groapa comună,Nora Iuga,"Iuga, Nora",,"=""973233438X""","=""9789732334386""",3.0,Cartea Românească,Paperback,88,2024,,2025/04/08,2025/04/08,,,read,,,,1,0
6296261,Floarea de menghină,Svetlana Cârstean,"Cârstean, Svetlana",,"=""""","=""9789732319284""",5.0,Cartea Romaneasca,Paperback,120,2008,1995,2025/04/08,2025/04/08,,,read,,,,1,0
25552046,Gravitație,Svetlana Cârstean,"Cârstean, Svetlana",,"=""6067193787""","=""9786067193787""",5.0,Editura Trei,Paperback,112,2015,2015,2025/04/08,2025/04/08,,,read,,,,1,0
13540625,Une soif d'amour,Yukio Mishima,"Mishima, Yukio",,"=""2070377881""","=""9782070377886""",3.0,Folio,Mass Market Paperback,246,1987,1950,2025/04/08,2025/04/08,,,read,,,,1,0
20587975,H.D. - Selected Poems,H.D.,"H.D., H.D.",Louis L. Martz,"=""""","=""""",5.0,New Directions,Paperback,198,1988,1957,2025/02/06,2025/02/06,,,read,,,,1,0
35484397,Esperando Bojangles,Olivier Bourdeaut,"Bourdeaut, Olivier",Rosa Freire d'Aguiar,"=""8551300865""","=""9788551300862""",3.0,Autêntica Contemporânea,Paperback,128,2017,2016,2025/02/06,2025/01/23,,,read,,,,1,0
9665445,Stories and Essays of Mina Loy (British Literature),Mina Loy,"Loy, Mina",Sara Crangle,"=""1564786307""","=""9781564786302""",5.0,Dalkey Archive Press,Paperback,416,2011,2011,2025/01/23,2025/01/16,,,read,,,,1,0
24113,"Gödel, Escher, Bach: An Eternal Golden Braid",Douglas R. Hofstadter,"Hofstadter, Douglas R.",,"=""0465026567""","=""9780465026562""",0,Basic Books,Paperback,777,1999,1979,,2025/01/20,to-read,to-read (#103),to-read,,,,0,0
11926,Moderato cantabile,Marguerite Duras,"Duras, Marguerite",,"=""3518376780""","=""9783518376782""",4.0,Suhrkamp,Paperback,122,1985,1958,2025/01/15,2025/01/13,,,read,,,,1,0
30319086,If We Were Villains,M.L. Rio,"Rio, M.L.",,"=""125009528X""","=""9781250095282""",4.0,Flatiron Books,Hardcover,354,2017,2017,,2025/01/15,,,read,,,,1,0
55825273,The Comfort Book,Matt Haig,"Haig, Matt",,"=""0143136666""","=""9780143136668""",5.0,Penguin Life,Hardcover,272,2021,2021,2025/01/14,2025/01/14,,,read,,,,1,0
36200598,Peace Of Wild Things,Wendell Berry,"Berry, Wendell",,"=""014198712X""","=""9780141987125""",5.0,Penguin Books Ltd,Paperback,144,2018,,2025/01/13,2025/01/13,,,read,A great choice for a bedtime read! ,,,1,0
214435888,With My Back to the World: Poems,Victoria Chang,"Chang, Victoria",,"=""1472158210""","=""9781472158215""",5.0,Corsair Poetry,Hardcover,101,2024,2024,2025/01/13,2025/01/13,,,read,,,,1,0
69960,"Blue Eyes, Black Hair",Marguerite Duras,"Duras, Marguerite",,"=""0394563204""","=""9780394563206""",4.0,Pantheon,Hardcover,117,1988,1986,2025/01/13,2025/01/13,,,read,"As expected from Duras, a heart aching theatrical story, a play on perception, communication and the void of life. Incredibly beautiful, sad and windy. ",,,1,0
15791608,Povestaşul,Mario Vargas Llosa,"Llosa, Mario Vargas",,"=""9735027976""","=""9789735027971""",5.0,Humanitas,Paperback,220,2011,1987,2017/04/13,2017/04/08,,,read,"Scrisa din doua perspective diferite, una ce provine din lumea noastra, iar cealalta apartinand lumii triburilor din Amazonia, cartea este uimitoare atat prin multitudinea de culori, mituri si povesti peruene, cat si prin deznodamantul ei si intrebarile provocate de paginile si ideile create intr-un stil unic.",,,1,0
53414230,Open Water,Caleb Azumah Nelson,"Nelson, Caleb Azumah",,"=""0241448778""","=""9780241448779""",0,VIKIN,Hardcover,145,2021,2021,,2024/12/13,to-read,to-read (#102),to-read,,,,0,0
45032,Mansfield Park,Jane Austen,"Austen, Jane","Kathryn Sutherland, Charles Edmund Brock","=""""","=""""",3.0,Penguin Books,Paperback,488,2003,1814,,2017/01/25,,,read,,,,1,0
29771316,His Last Bow: Some Reminiscences of Sherlock Holmes (Dover Thrift Editions: Crime/Mystery/Thrillers),Arthur Conan Doyle,"Doyle, Arthur Conan",,"=""0486810143""","=""9780486810140""",5.0,Dover Publications,Paperback,176,2016,1917,2020/06/29,2020/06/26,,,read,,,,1,0
45175605,Serotonină,Michel Houellebecq,"Houellebecq, Michel",Daniel Nicolescu,"=""6067794934""","=""9786067794939""",0,Humanitas Fiction,Paperback,296,2019,2019,,2019/08/25,to-read,to-read (#29),to-read,,,,0,0
3008325,"Mort sur le Nil (Hercule Poirot, #18)",Agatha Christie,"Christie, Agatha",,"=""2702423302""","=""9782702423301""",4.0,Le Masque,Mass Market Paperback,320,1997,1937,2021/06/11,2021/06/07,,,read,,,,1,0
39003672,Cineva cu care să fugi de acasă,David Grossman,"Grossman, David",Ioana Petridean,"=""9734672118""","=""9789734672110""",0,Polirom,Paperback,336,2018,2000,,2018/04/07,to-read,to-read (#28),to-read,,,,0,0
43575115,The Starless Sea,Erin Morgenstern,"Morgenstern, Erin",,"=""038554121X""","=""9780385541213""",0,Doubleday,Hardcover,498,2019,2019,,2023/10/11,to-read,to-read (#101),to-read,,,,0,0
60644406,Țigan țăndări,Valeriu Nicolae,"Nicolae, Valeriu",,"=""9730361053""","=""9789730361056""",5.0,Casa Bună,Paperback,449,2022,2022,2023/09/03,2023/09/03,,,read,,,,1,0
1260501,Pânza de păianjen,Cella Serghi,"Serghi, Cella",,"=""9738869749""","=""9789738869745""",5.0,Cartile Tango,,480,2008,1938,2023/09/03,2023/09/03,,,read,,,,1,0
48764427,De îndurare,Nina Cassian,"Cassian, Nina",,"=""""","=""""",0,Editura Eminescu,Paperback,108,1981,,,2023/08/29,to-read,to-read (#100),to-read,,,,0,0
90202302,"Iron Flame (The Empyrean, #2)",Rebecca Yarros,"Yarros, Rebecca",,"=""1649374178""","=""9781649374172""",0,Entangled: Red Tower Books,Hardcover,623,2023,2023,,2023/08/08,to-read,to-read (#99),to-read,,,,0,0
17512313,Domnișoara Christina. Șarpele,Mircea Eliade,"Eliade, Mircea",,"=""606600106X""","=""9786066001069""",5.0,Litera,Hardcover,313,2011,,2018/04/25,2017/11/28,,,read,,,,1,0
4729,Milarepa,Éric-Emmanuel Schmitt,"Schmitt, Éric-Emmanuel",,"=""2226093524""","=""9782226093523""",3.0,Albin Michel,Mass Market Paperback,64,2003,1997,2018/06/01,2018/06/05,,,read,,,,3,0
54914738,Hag: Forgotten Folktales Retold,Daisy Johnson,"Johnson, Daisy","Kirsty Logan, Emma Glass, Eimear McBride, Natasha Carthew, Mahsuda Snaith, Naomi Booth, Liv Little, Imogen Hermes Gowar, Irenosen Okojie","=""""","=""""",3.0,Virago ,Kindle Edition,304,2020,2019,2023/01/25,2023/01/10,,,read,,,,1,0
26454878,Hold Still: A Memoir with Photographs,Sally Mann,"Mann, Sally",,"=""""","=""""",0,"Little, Brown and Company",Kindle Edition,484,2015,2015,,2023/01/06,currently-reading,currently-reading (#10),currently-reading,,,,1,0
18041126,Det mørke lyset,Mette Newth,"Newth, Mette",,"=""8203241174""","=""9788203241178""",0,Aschehoug,Hardcover,235,1995,1995,,2022/12/28,to-read,to-read (#98),to-read,,,,0,0
29365124,High Wire Darlings,Kalyn Roseanne Livernois,"Livernois, Kalyn Roseanne",,"=""""","=""""",5.0,,Kindle Edition,51,2014,2014,2022/12/04,2022/12/04,,,read,,,,1,0
33385229,"They Both Die at the End (They Both Die at the End, #1)",Adam Silvera,"Silvera, Adam",,"=""0062457799""","=""9780062457790""",3.0,Quill Tree Books,Hardcover,389,2017,2017,2022/08/04,2022/01/16,,,read,,,,1,0
3104981,Poésies,Stéphane Mallarmé,"Mallarmé, Stéphane",Lloyd James Austin,"=""2080705040""","=""9782080705044""",4.0,FLAMMARION,Pocket Book,350,1993,1899,2020/03/05,2020/03/04,,,read,,,,1,0
30627510,Măștile fricii,Camelia Cavadia,"Cavadia, Camelia",,"=""6067197693""","=""9786067197693""",5.0,Editura Trei,Paperback,240,2016,2016,2017/06/17,2017/06/17,,,read,,,,1,0
12296,The Scarlet Letter,Nathaniel Hawthorne,"Hawthorne, Nathaniel","Nina Baym, Thomas E. Connolly","=""0142437263""","=""9780142437261""",4.0,Penguin Books,Paperback,279,2002,1850,2022/01/16,2022/01/10,,,read,,,,1,0
50743767,Between Two Kingdoms: A Memoir of a Life Interrupted,Suleika Jaouad,"Jaouad, Suleika",,"=""0399588582""","=""9780399588587""",5.0,Random House,Hardcover,352,2021,2021,2022/01/10,2022/01/10,,,read,,,,1,0
21621294,Lettres du Père Noël,J.R.R. Tolkien,"Tolkien, J.R.R.",Gérard-Georges Lemaire,"=""2266239406""","=""9782266239400""",5.0,Pocket,Mass Market Paperback,160,2013,1976,2021/12/24,2021/12/24,,,read,,,,1,0
40099413,The Cost of Living (Living Autobiography #2),Deborah Levy,"Levy, Deborah",,"=""0241977568""","=""9780241977569""",5.0,PENGUIN UK,Paperback,187,2019,2018,2021/11/27,2021/11/27,,,read,,,,1,0
188089,Selected Stories,Katherine Mansfield,"Mansfield, Katherine",Angela Smith,"=""0192839861""","=""9780192839862""",5.0,Oxford University Press,Paperback,373,2002,1948,2021/11/15,2021/11/15,,,read,,,,1,0
49011,The Bloody Chamber and Other Stories,Angela Carter,"Carter, Angela",,"=""014017821X""","=""9780140178210""",5.0,Penguin Books,Paperback,126,1990,1979,2021/11/15,2021/11/15,,,read,,,,1,0
47730,The Complete Poems,Anne Sexton,"Sexton, Anne",,"=""0395957761""","=""9780395957769""",0,Mariner Books,Paperback,622,1999,1981,,2021/10/20,to-read,to-read (#97),to-read,,,,0,0
902792,The World's Wife,Carol Ann Duffy,"Duffy, Carol Ann",,"=""057119995X""","=""9780571199952""",5.0,"Farrar, Straus and Giroux",Paperback,76,2001,1999,2021/10/04,2021/10/04,,,read,,,,1,0
3103,Maurice,E.M. Forster,"Forster, E.M.",,"=""0393310329""","=""9780393310320""",3.0,W. W. Norton  Company,Paperback,256,2005,1971,2021/08/25,2021/08/25,,,read,,,,1,0
38908502,Les Garçons de l'été,Rebecca Lighieri,"Lighieri, Rebecca",,"=""2072755204""","=""9782072755200""",2.0,Folio,Mass Market Paperback,418,2018,2017,2021/08/20,2021/08/20,,,read,,,,1,0
36661277,De profundis,Oscar Wilde,"Wilde, Oscar",Luana Schidu,"=""9735059029""","=""9789735059026""",5.0,Humanitas,Paperback,144,2017,1897,2021/08/04,2021/08/03,,,read,,,,1,0
868412,The Age of Innocence,Edith Wharton,"Wharton, Edith",Stuart Hutchinson,"=""""","=""""",0,Wordsworth Classics,Paperback,229,1999,1920,,2021/08/03,to-read,to-read (#96),to-read,,,,0,0
17924161,Agonie și extaz (volumul 1),Irving Stone,"Stone, Irving",Oana-Emilia Tarna-Bacosca,"=""6065391611""","=""9786065391611""",5.0,Adevarul Holding,Hardcover,432,2010,1961,2017/11/08,2017/10/08,,,read,"Fara dubii, una dintre cartile mele preferate",,,1,0
553995,About Grace,Anthony Doerr,"Doerr, Anthony",,"=""0143036165""","=""9780143036166""",4.0,Penguin Books,Paperback,402,2005,2004,2021/07/20,2021/07/20,,,read,,,,1,0
53803581,"Anna K: Away (Anna K, #2)",Jenny    Lee,"Lee, Jenny",,"=""1250236452""","=""9781250236456""",0,Flatiron Books,Kindle Edition,298,2021,2021,,2021/07/02,currently-reading,currently-reading (#9),currently-reading,,,,1,0
57898699,"Noi, copiii din Bahnhof Zoo",Christiane V. Felscherinow,"Felscherinow, Christiane V.",Alexandru Suter,"=""9735071150""","=""9789735071158""",4.0,Humanitas,Paperback,360,2021,1978,2021/06/27,2021/06/27,,,read,,,,1,0
56781796,Les Optimistes,Rebecca Makkai,"Makkai, Rebecca",,"=""2264076852""","=""9782264076854""",5.0,10 X 18,Paperback,670,2020,2018,2021/06/24,2021/06/22,,,read,,,,1,0
46016407,Eu și Marley,John Grogan,"Grogan, John",Ela-Evelina Jianu,"=""6067106213""","=""9786067106213""",4.0,Editura YoungArt,Hardcover,368,2019,2005,2021/06/20,2021/06/17,,,read,,,,1,0
51841354,Caragiale: scrisoarea pierdută,Bogdan-Alexandru Stănescu,"Stănescu, Bogdan-Alexandru",,"=""9734679201""","=""9789734679201""",5.0,Polirom,Paperback,192,2019,2019,2021/06/14,2021/06/12,,,read,,,,1,0
35074096,"Mythos - The Greek Myths Retold (Stephen Fry's Great Mythology, #1)",Stephen Fry,"Fry, Stephen",,"=""0718188721""","=""9780718188726""",5.0,Michael Joseph,Hardcover,416,2017,2017,2021/06/06,2020/06/26,wishlist,wishlist (#1),read,,,,1,0
57891484,Hortensia Papadat-Bengescu: străina,Ana Maria Sandu,"Sandu, Ana Maria",,"=""9734684523""","=""9789734684526""",3.0,Polirom,Paperback,200,2021,2021,2021/06/05,2021/06/03,,,read,,,,1,0
41433634,"Heroes: Mortals and Monsters, Quests and Adventures (Stephen Fry's Great Mythology, #2)",Stephen Fry,"Fry, Stephen",,"=""0241380375""","=""9780241380376""",0,Michael Joseph,Paperback,415,2018,2018,,2021/06/01,to-read,to-read (#95),to-read,,,,0,0
46137314,Le Bal des folles,Victoria Mas,"Mas, Victoria",,"=""2226442103""","=""9782226442109""",3.0,Albin Michel,Paperback,256,2019,2019,2021/06/01,2021/06/01,,,read,,,,1,0
36236124,Fight Club,Chuck Palahniuk,"Palahniuk, Chuck",,"=""0393355942""","=""9780393355949""",4.0,W. W. Norton & Company,Paperback,224,2018,1996,2021/05/25,2021/05/21,,,read,,,,1,0
34903981,La tresse,Laetitia Colombani,"Colombani, Laetitia",,"=""2246813883""","=""9782246813880""",4.0,GRASSET,Paperback,224,2017,2017,2021/05/24,2021/05/21,,,read,,,,1,0
57850377,101 Poems,Gordon S. McCulloch,"McCulloch, Gordon S.",,"=""""","=""""",0,Independently published,Kindle Edition,126,2021,2021,,2021/05/18,currently-reading,currently-reading (#8),currently-reading,,,,1,0
15810146,Moby-Dick,Herman Melville,"Melville, Herman","Elizabeth Renker, Christopher Buckley","=""""","=""""",0,Signet Classics,Mass Market Paperback,599,2013,1851,,2021/04/25,to-read,to-read (#94),to-read,,,,0,0
153747,"Moby-Dick or, The Whale",Herman Melville,"Melville, Herman","Andrew Delbanco, Tom Quirk","=""0142437247""","=""9780142437247""",0,Penguin Classics ,Paperback,720,2003,1851,,2020/02/29,currently-reading,currently-reading (#7),currently-reading,,,,1,0
40180098,The Overstory,Richard Powers,"Powers, Richard",,"=""039335668X""","=""9780393356687""",3.0,W.W. Norton & Company,Paperback,502,2019,2018,2021/04/25,2021/03/27,wishlist,wishlist (#3),read,,,,1,0
17143,Go Tell It on the Mountain,James Baldwin,"Baldwin, James",,"=""0141185910""","=""9780141185910""",5.0,Penguin,Paperback,256,2001,1953,2021/04/18,2021/04/18,,,read,,,,1,0
876549,Zazie dans le métro,Raymond Queneau,"Queneau, Raymond",,"=""2070361039""","=""9782070361038""",4.0,Gallimard,Paperback,192,1972,1959,2021/04/15,2021/04/12,,,read,,,,1,0
57333972,Neortodox. Scandalul pe care l-am provocat renunțând la rădăcinile mele hasidice,Deborah Feldman,"Feldman, Deborah",Vali Florescu,"=""6064009853""","=""9786064009852""",4.0,Trei,Paperback,384,2021,2012,2021/04/12,2021/04/08,,,read,,,,1,0
590645,Le Parfum,Patrick Süskind,"Süskind, Patrick",Bernard Lortholary,"=""2253044903""","=""9782253044901""",3.0,Le Livre de Poche,Mass Market Paperback,280,1989,1985,2021/03/31,2021/03/27,,,read,,,,1,0
54735156,The Absolute Book,Elizabeth Knox,"Knox, Elizabeth",,"=""0593296737""","=""9780593296738""",0,Viking,Hardcover,640,2021,2019,,2021/03/27,"to-read, wishlist","to-read (#93), wishlist (#5)",to-read,,,,0,0
50616973,The Lost Pianos of Siberia,Sophy  Roberts,"Roberts, Sophy",,"=""0802149286""","=""9780802149282""",0,Grove Press,Hardcover,448,2020,2020,,2021/03/27,"to-read, wishlist","to-read (#92), wishlist (#4)",to-read,,,,0,0
5388899,My Ántonia,Willa Cather,"Cather, Willa",Janet Sharistanian,"=""019953814X""","=""9780199538140""",4.0,Oxford University Press,Paperback,196,2009,1918,2021/03/11,2021/02/16,,,read,,,,1,0
366524,Call It Sleep,Henry Roth,"Roth, Henry","Alfred Kazin, Hana Wirth-Nesher","=""0374522928""","=""9780374522926""",4.0,"Farrar, Straus and Giroux",Paperback,462,1994,1934,2021/03/01,2021/02/25,,,read,,,,1,0
464260,The Fire Next Time (Vintage International),James Baldwin,"Baldwin, James",,"=""067974472X""","=""9780679744726""",5.0,Vintage,Paperback,106,1992,1963,2021/02/15,2021/02/01,,,read,,,,1,0
51881,Poems,Maya Angelou,"Angelou, Maya",,"=""0553255762""","=""9780553255768""",5.0,Bantam,Paperback,224,1986,,2021/02/15,2021/02/10,,,read,,,,1,0
42932973,If Beale Street Could Talk,James Baldwin,"Baldwin, James",,"=""0140187979""","=""9780140187977""",5.0,Penguin,Paperback,230,2018,1974,2021/02/13,2021/02/13,,,read,,,,1,0
44434568,Il est grand temps de rallumer les étoiles,Virginie Grimaldi,"Grimaldi, Virginie",,"=""2253100498""","=""9782253100492""",3.0,Le Livre de Poche,Mass Market Paperback,384,2019,2018,2021/02/04,2021/02/04,,,read,,,,1,0
70401,On the Road,Jack Kerouac,"Kerouac, Jack",,"=""0140042598""","=""9780140042597""",3.0,Penguin Books,Paperback,307,1976,1957,2021/01/31,2020/02/29,,,read,,,,1,0
76889,100 Selected Poems,E.E. Cummings,"Cummings, E.E.",,"=""0802130720""","=""9780802130723""",5.0,Grove Press,Paperback,121,1994,1923,2021/01/31,2021/01/31,,,read,,,,1,0
10793471,Aleph,Jorge Luis Borges,"Borges, Jorge Luis","Cristina Haulica, Andrei Ionescu","=""973461911X""","=""9789734619115""",5.0,Polirom,Paperback,175,2011,1945,2017/07/10,2017/07/10,,,read,,,,1,0
5649687,O Pioneers!,Willa Cather,"Cather, Willa",Marilee Lindemann,"=""0199552320""","=""9780199552320""",4.0,Oxford University Press,Paperback,179,2008,1913,2021/01/24,2021/01/24,,,read,,,,1,0
35133922,Educated,Tara Westover,"Westover, Tara",,"=""0399590501""","=""9780399590504""",5.0,Random House,Hardcover,352,2018,2018,2021/01/21,2020/12/29,,,read,,,,1,0
229806,Pilote de guerre,Antoine de Saint-Exupéry,"Saint-Exupéry, Antoine de",A. Saint-Exupery,"=""2070368246""","=""9782070368242""",4.0,Gallimard,Mass Market Paperback,222,1994,1942,2021/01/16,2021/01/13,,,read,,,,1,0
35167685,"""Surely You're Joking, Mr. Feynman!"": Adventures of a Curious Character",Richard P. Feynman,"Feynman, Richard P.","Ralph Leighton, Edward Hutchings, Bill Gates","=""0393355624""","=""9780393355628""",0,W. W. Norton & Company,Paperback,400,2018,1985,,2021/01/13,to-read,to-read (#91),to-read,,,,0,0
29610266,White Nights,Fyodor Dostoevsky,"Dostoevsky, Fyodor",Ronald Meyer,"=""0241252083""","=""9780241252086""",4.0,Penguin Classics,Paperback,113,2016,1848,2021/01/13,2021/01/12,,,read,,,,1,0
42980964,Mary Ventura and the Ninth Kingdom: A Story,Sylvia Plath,"Plath, Sylvia",,"=""006294083X""","=""9780062940834""",4.0,Harper Perennial,Paperback,64,2019,2019,2021/01/09,2021/01/09,,,read,,,,1,0
25781701,Annabel,Kathleen Winter,"Winter, Kathleen",,"=""2264062312""","=""9782264062314""",3.0,10 X 18,Paperback,471,2014,2010,2021/01/12,2021/01/10,,,read,,,,1,0
827728,Fear And Trembling and The Book on Adler (Everyman\'S Library Classics),Søren Kierkegaard,"Kierkegaard, Søren",Walter Lowrie,"=""185715178X""","=""9781857151787""",4.0,Everyman's Library,Hardcover,302,1994,1843,2021/01/10,2021/01/09,,,read,,,,1,0
17333223,The Goldfinch,Donna Tartt,"Tartt, Donna",,"=""0316055433""","=""9780316055437""",5.0,"Little, Brown",Hardcover,771,2013,2013,2021/01/09,2020/03/30,,,read,,,,1,0
49255502,Piranesi,Susanna Clarke,"Clarke, Susanna",,"=""1526622424""","=""9781526622426""",4.0,Bloomsbury,Hardcover,245,2020,2020,2021/01/07,2021/01/07,,,read,,,,1,0
52004017,Aventura ceaiului,Henrietta Lovell,"Lovell, Henrietta",,"=""6068977633""","=""9786068977638""",0,Baroque Books & Arts,Paperback,271,2020,,,2021/01/07,currently-reading,currently-reading (#6),currently-reading,,,,1,0
15823480,Anna Karenina,Leo Tolstoy,"Tolstoy, Leo","Aylmer Maude, Louise Maude, Dieter Wellershoff, Bruno Goetz, Lev Tolstoj","=""0345803922""","=""9780345803924""",5.0,Vintage,Paperback,964,2012,1878,2021/01/07,2020/05/16,before-uni,before-uni (#4),read,,,,1,0
29378517,Lady Susan,Jane Austen,"Austen, Jane",,"=""0241251338""","=""9780241251331""",0,Penguin,Paperback,128,2016,1871,,2021/01/02,to-read,to-read (#90),to-read,,,,0,0
38195892,Coline în soare,Constantin Mateescu,"Mateescu, Constantin",,"=""9732200790""","=""9789732200797""",0,Eminescu,Paperback,278,1989,,,2020/12/30,to-read,to-read (#89),to-read,,,,0,0
34910576,Pădurea nopții,Djuna Barnes,"Barnes, Djuna",,"=""6067791900""","=""9786067791907""",0,Humanitas Fiction,Paperback,192,2017,1936,,2020/12/30,to-read,to-read (#88),to-read,,,,0,0
51187948,"The Splendid and the Vile: A Saga of Churchill, Family, and Defiance During the Blitz",Erik Larson,"Larson, Erik",,"=""038534872X""","=""9780385348720""",0,Crown ,Kindle Edition,546,2020,2020,,2020/12/29,to-read,to-read (#87),to-read,,,,0,0
6792458,The New Jim Crow: Mass Incarceration in the Age of Colorblindness,Michelle Alexander,"Alexander, Michelle",,"=""""","=""""",0,The New Press Inc.,Hardcover,290,2010,2010,,2020/12/29,to-read,to-read (#86),to-read,,,,0,0
15745799,The Horror of Love: Nancy Mitford and Gaston Palewski in Paris and London,Lisa Hilton,"Hilton, Lisa",,"=""0753827735""","=""9780753827734""",0,Phoenix,Paperback,290,2012,2011,,2020/12/26,to-read,to-read (#85),to-read,,,,0,0
33238030,Le Garçon qui n'existait pas,Sjón,"Sjón, Sjón",Éric Boury,"=""2743635061""","=""9782743635060""",4.0,Rivages,Paperback,150,2016,2013,2020/12/11,2020/12/11,,,read,,,,1,0
4770168,The Road,Cormac McCarthy,"McCarthy, Cormac",,"=""0330468464""","=""9780330468466""",4.0,Picador ,Paperback,307,2009,2006,2020/12/08,2020/12/08,,,read,,,,1,0
52357,Beowulf,Seamus Heaney,"Heaney, Seamus",,"=""0393320979""","=""9780393320978""",4.0,W.W. Norton & Company,Paperback,259,2001,1000,2020/12/06,2020/12/06,,,read,,,,1,0
17803171,The Tudors: A Very Short Introduction,John Guy,"Guy, John",,"=""0199674728""","=""9780199674725""",4.0,Oxford University Press,Paperback,149,2013,2000,2020/11/25,2020/11/25,,,read,,,,1,0
54019416,Violet Bent Backwards Over the Grass,Lana Del Rey,"Rey, Lana Del",,"=""1982167289""","=""9781982167288""",0,Simon & Schuster,Hardcover,128,2020,2020,,2020/11/23,to-read,to-read (#84),to-read,,,,0,0
50706476,Dearly,Margaret Atwood,"Atwood, Margaret",,"=""006303249X""","=""9780063032491""",0,Ecco,Hardcover,124,2020,2020,,2020/11/23,to-read,to-read (#83),to-read,,,,0,0
55851555,"Clanlands: Whisky, Warfare, and a Scottish Adventure Like No Other",Sam Heughan,"Heughan, Sam","Graham McTavish, Charlotte Reather, Diana Gabaldon","=""""","=""""",0,Hodder & Stoughton Ltd,Hardcover,297,2020,2020,,2020/11/23,to-read,to-read (#82),to-read,,,,0,0
53025903,The Book of Lost Friends,Lisa Wingate,"Wingate, Lisa",,"=""1984819887""","=""9781984819888""",0,Ballantine Books,Hardcover,388,2020,2020,,2020/11/23,to-read,to-read (#81),to-read,,,,0,0
43557477,"The Jane Austen Society (Jane Austen Society, #1)",Natalie Jenner,"Jenner, Natalie",,"=""1250248736""","=""9781250248732""",0,St. Martin's Press,Hardcover,304,2020,2020,,2020/11/23,to-read,to-read (#80),to-read,,,,0,0
28501524,A Room of One's Own and Three Guineas,Virginia Woolf,"Woolf, Virginia",,"=""1784870870""","=""9781784870874""",0,Vintage Classics,Paperback,272,2016,1938,,2020/11/21,currently-reading,currently-reading (#5),currently-reading,,,,1,0
33980210,Les larmes d'Œdipe,Wajdi Mouawad,"Mouawad, Wajdi",,"=""""","=""""",4.0,,Unknown Binding,41,,,2020/11/21,2020/11/20,,,read,,,,1,0
53494147,Vulpea albastră,Sjón,"Sjón, Sjón",Anca Băicoianu,"=""9734681524""","=""9789734681525""",4.0,Polirom,Paperback,164,2020,2003,2020/11/18,2020/11/18,,,read,,,,1,0
53443339,"Troy (Stephen Fry's Great Mythology, #3)",Stephen Fry,"Fry, Stephen",,"=""0241424585""","=""9780241424582""",0,Michael Joseph,Hardcover,414,2020,2020,,2020/11/17,"to-read, wishlist","to-read (#79), wishlist (#2)",to-read,,,,0,0
1393700,Le Loup des steppes,Hermann Hesse,"Hesse, Hermann",Alexandra Cade,"=""2253002933""","=""9782253002932""",0,Le Livre de Poche,Mass Market Paperback,313,2005,1927,,2020/11/10,currently-reading,currently-reading (#4),currently-reading,,,,1,0
17284821,"Littoral (Le Sang des Promesses, #1)",Wajdi Mouawad,"Mouawad, Wajdi",,"=""2742791396""","=""9782742791392""",4.0,Actes Sud,Paperback,189,2011,1999,2020/11/09,2020/11/08,,,read,,,,1,0
18525,Dr. Faustus,Christopher Marlowe,"Marlowe, Christopher",,"=""0486282082""","=""9780486282084""",4.0,Dover Publications,Paperback,64,1994,1588,2020/11/08,2020/11/07,,,read,,,,1,0
760702,Goodbye to Berlin,Christopher Isherwood,"Isherwood, Christopher",,"=""0586047956""","=""9780586047958""",4.0,Triad Panther,Mass Market Paperback,208,1977,1934,2020/11/06,2020/10/31,,,read,,,,1,0
12090,En attendant Godot,Samuel Beckett,"Beckett, Samuel",,"=""2707301485""","=""9782707301482""",4.0,Éditions de Minuit,Paperback,124,1952,1951,2020/10/27,2020/10/26,,,read,,,,1,0
8852,Macbeth,William Shakespeare,"Shakespeare, William","Folger Shakespeare Library, Barbara A. Mowat, Paul Werstine","=""0743477103""","=""9780743477109""",4.0,Simon & Schuster,Mass Market Paperback,249,2013,1623,2020/10/26,2020/02/29,,,read,,,,1,0
332492,Othello,William Shakespeare,"Shakespeare, William",E.A.J. Honigmann,"=""1903436451""","=""9781903436455""",4.0,Arden Shakespeare,Paperback,442,1996,1603,2020/10/26,2020/10/24,,,read,,,,1,0
50358085,The Neil Gaiman Reader: Selected Fiction,Neil Gaiman,"Gaiman, Neil",Marlon James,"=""006303185X""","=""9780063031852""",0,William Morrow,Hardcover,752,2020,2020,,2020/10/24,to-read,to-read (#78),to-read,,,,0,0
16634,The Glass Bead Game,Hermann Hesse,"Hesse, Hermann","Richard Winston, Clara Winston, Theodore Ziolkowski","=""0312278497""","=""9780312278496""",0,Holt Paperbacks,Paperback,558,1998,1943,,2020/10/24,to-read,to-read (#77),to-read,,,,0,0
11352,Sula,Toni Morrison,"Morrison, Toni",,"=""""","=""""",4.0,Vintage Books,Paperback,189,2005,1973,2020/10/24,2020/10/23,,,read,,,,1,0
46248243,La Libraire de la place aux herbes,Eric de Kermel,"Kermel, Eric de",,"=""2290163546""","=""9782290163542""",3.0,J’ai lu,Mass Market Paperback,288,2019,2017,2020/10/23,2020/10/22,,,read,,,,1,0
54339490,Les aérostats,Amélie Nothomb,"Nothomb, Amélie",,"=""222645408X""","=""9782226454089""",3.0,Albin Michel,Paperback,175,2020,2020,2020/10/17,2020/10/17,,,read,,,,1,0
75519,Métaphysique des tubes,Amélie Nothomb,"Nothomb, Amélie",,"=""""","=""""",4.0,Le Livre de Poche,Mass Market Paperback,156,2002,2000,2020/10/17,2020/10/17,,,read,,,,1,0
7336,J.R.R. Tolkien: A Biography,Humphrey Carpenter,"Carpenter, Humphrey",,"=""0618057021""","=""9780618057023""",4.0,William Morrow,Paperback,288,2000,1977,2020/10/17,2020/10/17,,,read,,,,1,0
25622780,Wide Sargasso Sea,Jean Rhys,"Rhys, Jean",Edwidge Danticat,"=""0393352560""","=""9780393352566""",4.0,W. W. Norton & Company,Paperback,176,2016,1966,2020/10/17,2020/10/17,,,read,,,,1,0
14942,Mrs. Dalloway,Virginia Woolf,"Woolf, Virginia",Maureen Howard,"=""0151009988""","=""9780151009985""",5.0,Houghton Mifflin Harcourt,Hardcover,194,2002,1925,2020/09/24,2020/09/24,,,read,,,,1,0
9298727,Doamna Bovary,Gustave Flaubert,"Flaubert, Gustave",Aurelia Ulici,"=""""","=""9789731999395""",5.0, Adevărul Holding,Hardcover,318,2009,1856,2017/04/01,2017/03/31,,,read,,,,1,0
56778,Julius Caesar,William Shakespeare,"Shakespeare, William",Norman Sanders,"=""0140707042""","=""9780140707045""",4.0,Penguin Books,Paperback,251,1967,1599,2020/09/09,2020/09/09,,,read,,,,1,0
36849107,Comparative Literature: A Very Short Introduction,Ben Hutchinson,"Hutchinson, Ben",,"=""0198807279""","=""9780198807278""",4.0,Oxford University Press,Paperback,139,2018,2018,2020/09/07,2020/09/07,,,read,,,,1,0
38647487,Les Semeurs de bonheur,Cécile Pardi,"Pardi, Cécile",,"=""""","=""9791026213246""",3.0,LIBRINOVA,Hardcover,112,2017,,2020/09/02,2020/09/02,,,read,,,,1,0
41824023,Over the Top: A Raw Journey to Self-Love,Jonathan Van Ness,"Ness, Jonathan Van",,"=""0062906402""","=""9780062906403""",5.0,HarperOne,Audible Audio,6,2019,2019,2020/08/31,2020/08/31,,,read,,,,1,0
40174034,Naturally Tan,Tan France,"France, Tan",,"=""1250211077""","=""9781250211071""",4.0,Macmillan Audio,Audio CD,8,2019,2019,2020/08/31,2020/08/31,,,read,,,,1,0
27780371,Poetica,Aristotle,"Aristotle, Aristotle",,"=""6069226682""","=""9786069226681""",4.0,Univers Enciclopedic Gold,Paperback,296,2015,-335,2020/08/31,2020/08/31,,,read,,,,1,0
15997,Paradise Lost,John Milton,"Milton, John",,"=""0140424393""","=""9780140424393""",0,Penguin Classics,Paperback,453,2003,1667,,2020/08/16,to-read,to-read (#76),to-read,,,,0,0
30600,Notre-Dame de Paris,Victor Hugo,"Hugo, Victor",John Sturrock,"=""""","=""""",5.0,Penguin Classics,Paperback,512,1978,1831,2020/08/14,2020/06/28,before-uni,before-uni (#5),read,,,,1,0
21895917,François le Champi,George Sand,"Sand, George",André Fermigier,"=""207036738X""","=""9782070367382""",3.0,Folio,Mass Market Paperback,288,2005,1847,2020/08/11,2020/08/09,,,read,,,,1,0
36156984,Autobiografia lui Charles Darwin. Urmată de fragmente din Călătoria unui naturalist în jurul lumii,Charles Darwin,"Darwin, Charles","Nora Barlow, Ioana Miruna Voiculescu, Andrei Bontaş, Ancuţa Bontaş","=""""","=""""",3.0,Humanitas,Hardcover,312,2017,1887,2020/08/09,2020/07/09,,,read,,,,1,0
656,War and Peace,Leo Tolstoy,"Tolstoy, Leo","Aylmer Maude, Louise Maude","=""0192833987""","=""9780192833983""",0,Oxford University Press,Paperback,1392,1998,1868,,2017/09/02,"before-uni, to-read","before-uni (#3), to-read (#75)",to-read,,,,0,0
12435593,Tropicul Cancerului,Henry Miller,"Miller, Henry",Antoaneta Ralian,"=""1602570477""","=""9781602570474""",4.0,Editura Univers,Paperback,288,2007,1934,2020/08/04,2020/08/01,,,read,,,,1,0
31133480,A Farewell To Arms (Macmillan Collector's Library),Ernest Hemingway,"Hemingway, Ernest",,"=""1909621412""","=""9781909621411""",4.0,Macmillan Collector's Library,Hardcover,360,2025,1929,2020/07/21,2020/06/28,before-uni,before-uni (#1),read,,,,1,0
34440,Doctor Faustus,Thomas Mann,"Mann, Thomas",John E. Woods,"=""0375701168""","=""9780375701160""",0,Vintage,Paperback,535,1999,1947,,2020/04/14,to-read,to-read (#74),to-read,,,,0,0
17186320,Jocurile Daniei,Anton Holban,"Holban, Anton",,"=""""","=""""",0,,Unknown Binding,,,1971,,2020/05/09,to-read,to-read (#73),to-read,,,,0,0
44049566,Le Père Goriot,Honoré de Balzac,"Balzac, Honoré de",,"=""""","=""""",5.0,Le Livre de Poche,Mass Market Paperback,443,2004,1835,2020/07/09,2020/05/16,,,read,,,,1,0
14743300,Jurnalul unei scriitoare,Virginia Woolf,"Woolf, Virginia",,"=""9735768003""","=""9789735768003""",4.0,Rao,Paperback,448,2005,1953,2020/07/05,2020/06/26,,,read,,,,1,0
28501519,To the Lighthouse,Virginia Woolf,"Woolf, Virginia",,"=""1784870838""","=""9781784870836""",5.0,Penguin,Paperback,256,2016,1927,2020/07/05,2020/07/03,before-uni,before-uni (#6),read,,,,1,0
18521,A Room of One’s Own,Virginia Woolf,"Woolf, Virginia",,"=""""","=""""",0,Penguin Books,Paperback,112,2000,1929,,2020/07/05,to-read,to-read (#72),to-read,,,,0,0
609049,Colour Classics Time Machine,H.G. Wells,"Wells, H.G.",,"=""0141442042""","=""9780141442044""",4.0,Tor Books,Paperback,144,2006,1895,2020/06/29,2019/08/30,,,read,,,,1,0
36232475,Orlando,Virginia Woolf,"Woolf, Virginia",,"=""1509841873""","=""9781509841875""",0,Macmillan Collector's Library,Hardcover,272,2017,1928,,2020/06/28,"to-read, before-uni","to-read (#71), before-uni (#2)",to-read,,,,0,0
10805542,Aventurile lui Sherlock Holmes / Memoriile lui Sherlock Holmes,Arthur Conan Doyle,"Doyle, Arthur Conan",Luiza Ciocșirescu,"=""9731999701""","=""9789731999708""",5.0,Adevarul Holding,,542,2009,1893,2020/06/26,2020/06/26,,,read,,,,1,0
48625611,Oameni normali,Sally Rooney,"Rooney, Sally",Mihaela  Buruiană,"=""""","=""9786064403162""",2.0,Curtea Veche Publishing,Paperback,273,2019,2018,2020/06/03,2020/06/03,,,read,,,,1,0
51007945,"Balada șerpilor și a păsărilor cântătoare (The Hunger Games, #0)",Suzanne Collins,"Collins, Suzanne",Ana-Veronica Mircea,"=""6064307234""","=""9786064307231""",3.0,"Nemira, Armada",Hardcover,544,2020,2020,2020/05/28,2020/05/26,,,read,,,,1,0
20941452,Dulcele bar,J.R. Moehringer,"Moehringer, J.R.",Paul Slayer Grigoriu,"=""6068360482""","=""9786068360485""",5.0,Publica,Paperback,578,2013,2005,2017/04/20,2017/04/18,favorites,favorites (#9),read,,,,1,0
4631,A Moveable Feast,Ernest Hemingway,"Hemingway, Ernest",James Naughton,"=""""","=""""",5.0,Vintage,Paperback,192,2012,1964,,2020/05/16,favorites,favorites (#8),read,,,,1,0
4671,The Great Gatsby,F. Scott Fitzgerald,"Fitzgerald, F. Scott",,"=""0743273567""","=""9780743273565""",5.0,Scribner,Paperback,180,2025,1925,2017/01/22,2017/01/25,favorites,favorites (#7),read,,,,1,0
18512,"The Return of the King (The Lord of the Rings, #3)",J.R.R. Tolkien,"Tolkien, J.R.R.",,"=""""","=""""",5.0,Del Rey,Mass Market Paperback,404,2003,1955,,2020/05/16,favorites,favorites (#6),read,,,,1,0
15241,"The Two Towers (The Lord of the Rings, #2)",J.R.R. Tolkien,"Tolkien, J.R.R.",Peter S. Beagle,"=""0618346260""","=""9780618346264""",5.0,Houghton Mifflin,Paperback,322,1993,1954,,2020/05/16,favorites,favorites (#5),read,,,,1,0
34,"The Fellowship of the Ring (The Lord of the Rings, #1)",J.R.R. Tolkien,"Tolkien, J.R.R.","Francis Ledoux, Maria Skibniewska","=""0618346252""","=""9780618346257""",5.0,Houghton Mifflin Harcourt,Paperback,398,2003,1954,,2017/01/25,favorites,favorites (#4),read,,,,1,0
15831425,Hobbitul,J.R.R. Tolkien,"Tolkien, J.R.R.",,"=""6066092685""","=""9786066092685""",5.0,RAO,Hardcover,313,2012,1937,,2017/02/09,favorites,favorites (#3),read,,,,2,0
6585455,Orașul cu salcâmi,Mihail Sebastian,"Sebastian, Mihail",,"=""9737230035""","=""""",3.0,Blassco,Paperback,240,2004,1935,2020/05/16,2020/05/16,,,read,,,,1,0
52922530,"Anna K: A Love Story (Anna K, #1)",Jenny    Lee,"Lee, Jenny",,"=""1250236428""","=""9781250236425""",4.0,Flatiron Books,Kindle Edition,383,2020,2020,2020/05/06,2020/04/29,,,read,,,,1,0
27856730,The Duchess of Bloomsbury Street,Helene Hanff,"Hanff, Helene",,"=""006244204X""","=""9780062442048""",5.0,Harper Perennial,Kindle Edition,157,2016,1973,2020/04/30,2020/04/29,,,read,,,,1,0
35959740,Circe,Madeline Miller,"Miller, Madeline",,"=""0316556343""","=""9780316556347""",3.0,"Little, Brown and Company",Hardcover,393,2018,2018,2020/04/26,2018/04/22,,,read,,,,1,0
30282324,Despre liniştea spiritului. Despre tihnă,Seneca,"Seneca, Seneca","Ioana Costa, Vichi-Eugenia Dumitru, Ştefania Ferchedău","=""""","=""9786069359464""",4.0,Seneca Lucius Annaeus,Paperback,135,2014,60,2020/04/25,2020/04/20,,,read,,,,1,0
15780437,Play It as It Lays,Joan Didion,"Didion, Joan",,"=""0007414994""","=""9780007414994""",4.0,Fourth Estate,Kindle Edition,300,2011,1970,2020/04/18,2020/04/15,,,read,,,,1,0
2926668,Pianul mecanic,Kurt Vonnegut Jr.,"Jr., Kurt Vonnegut",Sanda Aronescu,"=""973501291X""","=""9789735012915""",0,Humanitas,Paperback,360,2006,1952,,2020/04/13,to-read,to-read (#70),to-read,,,,0,0
40159623,Acid For The Children: A Memoir,Flea,"Flea, Flea",,"=""1472230809""","=""9781472230805""",5.0,Headline,Kindle Edition,384,2018,2019,2020/04/12,2020/04/08,,,read,,,,1,0
13005587,Wild Swans: Three Daughters of China,Jung Chang,"Chang, Jung",,"=""0007379870""","=""9780007379873""",0,Harper Perennial,Kindle Edition,720,2011,1991,,2020/04/08,to-read,to-read (#69),to-read,,,,0,0
52965891,Trei femei,Lisa Taddeo,"Taddeo, Lisa",Carmen-Iulia Bourceanu,"=""6063343288""","=""9786063343285""",0,Litera,Paperback,336,2019,2019,,2019/10/20,to-read,to-read (#36),to-read,,,,0,0
17608710,Atlasul norilor,David  Mitchell,"Mitchell, David",Mihnea Gafiţa,"=""9736895475""","=""9789736895470""",0,Editura Humanitas,Paperback,629,2013,2004,,2020/03/23,currently-reading,currently-reading (#3),currently-reading,,,,1,0
35185204,Povestea fetiței pierdute,Elena Ferrante,"Ferrante, Elena",Cerasela Barbone,"=""6069780558""","=""9786069780558""",4.0,Pandora M,Paperback,469,2017,2014,2020/04/03,2020/04/01,,,read,,,,1,0
36174638,The Song of Achilles,Madeline Miller,"Miller, Madeline",,"=""""","=""""",4.0,Bloomsbury,Paperback,352,2017,2011,2020/04/01,2020/03/30,,,read,,,,1,0
52737765,Istoria secretă,Donna Tartt,"Tartt, Donna",Magda Groza,"=""6063345191""","=""9786063345197""",5.0,Litera,Mass Market Paperback,859,2020,1992,2020/03/30,2020/03/27,,,read,,,,1,0
50032465,Jacques le fataliste (French Edition),Denis Diderot,"Diderot, Denis",,"=""1986656535""","=""9781986656535""",0,CreateSpace Independent Publishing Platform,Paperback,202,2018,1796,,2020/01/07,to-read,to-read (#68),to-read,,,,0,0
20798742,Swann,Marcel Proust,"Proust, Marcel",,"=""""","=""9789731246437""",0,Art,Hardcover,424,2011,1913,,2018/03/13,to-read,to-read (#67),to-read,,,,0,0
8127,"Anne of Green Gables (Anne of Green Gables, #1)",L.M. Montgomery,"Montgomery, L.M.",Jennifer Lee Carrell,"=""0451528824""","=""9780451528827""",5.0,Signet,Mass Market Paperback,320,2003,1908,2020/03/27,2020/03/27,,,read,,,,1,0
18110150,Povestea lui Harap Alb,Ion Creangă,"Creangă, Ion",Iacob Desideriu,"=""""","=""""",3.0,Editura Ion Creangă,Paperback,79,1979,2014,2017/07/26,2017/07/25,,,read,,,,1,0
40862288,Hronicul și cântecul vârstelor,Lucian Blaga,"Blaga, Lucian",,"=""973506040X""","=""9789735060404""",4.0,Humanitas,Paperback,282,1970,1965,2019/12/03,2019/11/28,,,read,,,,1,0
31214221,Jurnal,Tudor Vianu,"Vianu, Tudor",,"=""""","=""""",4.0,Editura pentru literatură,Paperback,328,1961,1961,2020/03/26,2020/03/24,,,read,,,,1,0
10210,Jane Eyre,Charlotte Brontë,"Brontë, Charlotte",Michael Mason,"=""0142437204""","=""9780142437209""",5.0,Penguin,Paperback,532,2003,1847,2020/03/23,2018/01/13,,,read,,,,1,0
9027550,Pour une nuit d'amour: Suivi de L'Inondation,Émile Zola,"Zola, Émile",Roger Ripoli,"=""2070406059""","=""9782070406050""",0,Éditions Gallimard,Mass Market Paperback,107,2010,,,2018/01/23,to-read,to-read (#16),to-read,,,,0,0
45997933,Shining,Stephen  King,"King, Stephen",Ruxandra Toma,"=""6064305304""","=""9786064305305""",0,Armada,Paperback,544,2019,1977,,2020/03/07,currently-reading,currently-reading (#2),currently-reading,,,,1,0
22628,The Perks of Being a Wallflower,Stephen Chbosky,"Chbosky, Stephen",,"=""""","=""""",4.0,MTV Books/Pocket Books,Hardcover,213,1999,1999,2020/03/07,2020/02/29,,,read,,,,1,0
49082919,Psalmi,Radu Vancu,"Vancu, Radu",,"=""6068577686""","=""9786068577685""",0,Max Blecher,,86,2019,,,2020/03/04,to-read,to-read (#66),to-read,,,,0,0
13335037,"Divergent (Divergent, #1)",Veronica Roth,"Roth, Veronica",,"=""0062024035""","=""9780062024039""",0,Katherine Tegen Books,Paperback,487,2012,2011,,2020/02/29,,,read,,,,1,0
3876,The Sun Also Rises,Ernest Hemingway,"Hemingway, Ernest",,"=""""","=""""",0,Pan Books,Paperback,189,1957,1926,,2020/02/29,to-read,to-read (#65),to-read,,,,0,0
19380,Candide,Voltaire,"Voltaire, Voltaire","Rockwell Kent, Walter Jerrold, Don Hagen, Sara Gioacchino Corcos","=""0486266893""","=""9780486266893""",0,"Dover Publications, Incorporated",Paperback,129,1991,1759,,2020/02/29,,,read,,,,1,0
6969,Emma,Jane Austen,"Austen, Jane",Fiona Stafford,"=""""","=""""",0,Penguin Books,Paperback,474,2003,1815,,2020/02/29,to-read,to-read (#64),to-read,,,,0,0
22463,The Origin of Species,Charles Darwin,"Darwin, Charles",,"=""""","=""""",0,Castle,Hardcover,703,2004,1859,,2020/02/29,to-read,to-read (#63),to-read,,,,0,0
10959,Sophie’s World,Jostein Gaarder,"Gaarder, Jostein",Paulette Møller,"=""1857993284""","=""9781857993288""",0,Phoenix,Paperback,403,1995,1991,,2020/02/29,to-read,to-read (#62),to-read,,,,0,0
9712,Love in the Time of Cholera,Gabriel García Márquez,"Márquez, Gabriel García","Edith Grossman, Kjell Risvik, Carlos Marrodán Casas","=""140003468X""","=""9781400034680""",0,Vintage International,Paperback,348,2003,1985,,2020/02/29,to-read,to-read (#61),to-read,,,,0,0
168642,In Cold Blood,Truman Capote,"Capote, Truman",,"=""0679745580""","=""9780679745587""",0,Vintage,Paperback,343,1994,1966,,2020/02/29,to-read,to-read (#60),to-read,,,,0,0
7260188,"Mockingjay (The Hunger Games, #3)",Suzanne Collins,"Collins, Suzanne",,"=""0439023513""","=""9780439023511""",0,Scholastic Press,Hardcover,390,2010,2010,,2020/02/29,,,read,,,,1,0
119322,"The Golden Compass (His Dark Materials, #1)",Philip Pullman,"Pullman, Philip",,"=""0679879242""","=""9780679879244""",0,RANDOM HOUSE TRADE,Hardcover,399,1996,1995,,2020/02/29,,,read,,,,1,0
2156,Persuasion,Jane Austen,"Austen, Jane","Deidre Shauna Lynch, James Kinsley","=""0192802631""","=""9780192802637""",0,Oxford University Press,Paperback,249,2004,1817,,2020/02/29,to-read,to-read (#58),to-read,,,,0,0
119073,The Name of the Rose,Umberto Eco,"Eco, Umberto",William Weaver,"=""0156001314""","=""9780156001311""",0,Houghton Mifflin Harcourt,Paperback,552,1994,1980,,2020/02/29,to-read,to-read (#59),to-read,,,,0,0
39776179,Dune (Dune #1),Frank Herbert,"Herbert, Frank",,"=""0441013597""","=""9780441013593""",0,Ace,Paperback,687,2005,1965,,2020/02/29,,,read,,,,1,0
6310,"Charlie and the Chocolate Factory (Charlie Bucket, #1)",Roald Dahl,"Dahl, Roald",Quentin Blake,"=""0142403881""","=""9780142403884""",0,Puffin Books,Paperback,176,2005,1964,,2020/02/29,,,read,,,,1,0
13496,"A Game of Thrones (A Song of Ice and Fire, #1)",George R.R. Martin,"Martin, George R.R.",,"=""""","=""""",0,Bantam,Mass Market Paperback,835,2005,1996,,2020/02/29,,,read,,,,1,0
6148028,"Catching Fire (The Hunger Games, #2)",Suzanne Collins,"Collins, Suzanne",,"=""0439023491""","=""9780439023498""",0,Scholastic Press,Hardcover,391,2009,2009,,2020/02/29,,,read,,,,1,0
391729,The Tell-Tale Heart and Other Writings,Edgar Allan Poe,"Poe, Edgar Allan",,"=""0553212281""","=""9780553212280""",0,Bantam Classics,Mass Market Paperback,448,1983,1843,,2020/02/29,,,read,,,,1,0
14935,Sense and Sensibility,Jane Austen,"Austen, Jane","Ros Ballaster, Джейн Остин","=""0141439661""","=""9780141439662""",0,Penguin Books,Paperback,409,2003,1811,,2020/02/29,to-read,to-read (#57),to-read,,,,0,0
11870085,The Fault in Our Stars,John  Green,"Green, John",,"=""""","=""""",0,Dutton Books,Hardcover,313,2012,2012,,2020/02/29,,,read,,,,1,0
2623,Great Expectations,Charles Dickens,"Dickens, Charles","Kate Flint, Margaret Cardwell","=""0192833596""","=""9780192833594""",0,Oxford University Press,Paperback,544,1998,1861,,2020/02/29,,,read,,,,1,0
13214,"I Know Why the Caged Bird Sings (Maya Angelou's Autobiography, #1)",Maya Angelou,"Angelou, Maya",,"=""0553279378""","=""9780553279375""",0,Bantam Books,Paperback,289,1993,1969,,2020/02/29,to-read,to-read (#56),to-read,,,,0,0
4934,The Brothers Karamazov,Fyodor Dostoevsky,"Dostoevsky, Fyodor","Richard Pevear, Larissa Volokhonsky","=""0374528373""","=""9780374528379""",0,"Farrar, Straus and Giroux",Paperback,796,2002,1879,,2020/02/29,to-read,to-read (#55),to-read,,,,0,0
3836,Don Quixote,Miguel de Cervantes Saavedra,"Saavedra, Miguel de Cervantes","Roberto González Echevarría, John Rutherford","=""""","=""""",0,Penguin Books,Paperback,1023,2003,1605,,2020/02/29,to-read,to-read (#54),to-read,,,,0,0
46787,Uncle Tom’s Cabin,Harriet Beecher Stowe,"Stowe, Harriet Beecher",,"=""""","=""""",0,Wordsworth Classics,Paperback,438,1999,1852,,2020/02/29,to-read,to-read (#53),to-read,,,,0,0
355697,All Quiet on the Western Front,Erich Maria Remarque,"Remarque, Erich Maria",Arthur Wesley Wheen,"=""0449213943""","=""9780449213940""",0,Ballantine Books,Mass Market Paperback,296,1987,1928,,2020/02/29,to-read,to-read (#52),to-read,,,,0,0
15881,"Harry Potter and the Chamber of Secrets (Harry Potter, #2)",J.K. Rowling,"Rowling, J.K.",Mary GrandPré,"=""""","=""""",0,Arthur A. Levine Books,Hardcover,341,1999,1998,,2020/02/29,,,read,,,,1,0
14891,A Tree Grows in Brooklyn,Betty  Smith,"Smith, Betty",,"=""0061120073""","=""9780061120077""",0,HarperCollins Publishers,Paperback,496,2006,1943,,2020/02/29,to-read,to-read (#51),to-read,,,,0,0
52036,Siddhartha,Hermann Hesse,"Hesse, Hermann",Hilda Rosner,"=""""","=""""",0,Bantam Books,Mass Market Paperback,152,1981,1922,,2020/02/29,to-read,to-read (#50),to-read,,,,0,0
7126,The Count of Monte Cristo,Alexandre Dumas,"Dumas, Alexandre",Robin Buss,"=""0140449264""","=""9780140449266""",0,Penguin Classics,Paperback,1276,2003,1846,,2020/02/29,to-read,to-read (#49),to-read,,,,0,0
1953,A Tale of Two Cities,Charles Dickens,"Dickens, Charles",,"=""0141439602""","=""9780141439600""",0,Penguin Books,Paperback,489,2003,1859,,2020/02/29,to-read,to-read (#48),to-read,,,,0,0
2998,The Secret Garden,Frances Hodgson Burnett,"Burnett, Frances Hodgson",,"=""0517189607""","=""9780517189603""",0,Children's Classics,Hardcover,331,1998,1911,,2020/02/29,to-read,to-read (#47),to-read,,,,0,0
1,"Harry Potter and the Half-Blood Prince (Harry Potter, #6)",J.K. Rowling,"Rowling, J.K.",,"=""""","=""""",0,Scholastic Inc,Paperback,652,2006,2005,,2020/02/29,,,read,,,,1,0
6,"Harry Potter and the Goblet of Fire (Harry Potter, #4)",J.K. Rowling,"Rowling, J.K.",Mary GrandPré,"=""0439139597""","=""9780439139595""",0,Scholastic,Paperback,734,2002,2000,,2020/02/29,,,read,,,,1,0
6185,Wuthering Heights,Emily Brontë,"Brontë, Emily","Richard J. Dunn, Charlotte Brontë, John Bugg, Robert Heindel","=""""","=""""",0,Norton,Paperback,464,2002,1847,,2020/02/29,to-read,to-read (#46),to-read,,,,0,0
24213,Alice’s Adventures in Wonderland / Through the Looking-Glass,Lewis Carroll,"Carroll, Lewis","Martin Gardner, John Tenniel","=""""","=""""",0,Penguin Group (USA),Paperback,239,2000,1871,,2020/02/29,,,read,,,,1,0
5,"Harry Potter and the Prisoner of Azkaban (Harry Potter, #3)",J.K. Rowling,"Rowling, J.K.",Mary GrandPré,"=""043965548X""","=""9780439655484""",0,Scholastic Inc.,Mass Market Paperback,547,2004,1999,,2020/02/29,,,read,,,,1,0
3636,"The Giver (Giver, #1)",Lois Lowry,"Lowry, Lois",,"=""0385732554""","=""9780385732550""",0,Ember,Paperback,208,2006,1993,,2020/02/29,,,read,,,,1,0
136251,"Harry Potter and the Deathly Hallows (Harry Potter, #7)",J.K. Rowling,"Rowling, J.K.",,"=""""","=""""",0,Arthur A. Levine Books,Hardcover,759,2007,2007,,2020/02/29,,,read,,,,1,0
33,"The Lord of the Rings (The Lord of the Rings, #1-3)",J.R.R. Tolkien,"Tolkien, J.R.R.",Alan Lee,"=""0618640150""","=""9780618640157""",0,Houghton Mifflin Harcourt,Paperback,1216,2005,1959,,2020/02/29,,,read,,,,1,0
48855,The Diary of a Young Girl,Anne Frank,"Frank, Anne","Eleanor Roosevelt, Susan Massotty, Γιάννης Θωμόπουλος, Barbara Mooyaart-Doubleday, Otto H. Frank, Mirjam Pressler","=""""","=""""",0,Bantam,Mass Market Paperback,283,1993,1947,,2020/02/29,to-read,to-read (#45),to-read,,,,0,0
33541280,A Gentleman in Moscow,Amor Towles,"Towles, Amor",Nicholas Guy Smith,"=""""","=""""",0,Penguin Audio,Audible Audio,18,2016,2016,,2020/02/29,to-read,to-read (#44),to-read,,,,0,0
12421152,Neverwhere,Neil Gaiman,"Gaiman, Neil",,"=""""","=""""",0,Harper Audio,Audible Audio,13,2007,1996,,2020/02/29,to-read,to-read (#43),to-read,,,,0,0
28095737,Pride and Prejudice,Jane Austen,"Austen, Jane",Rosamund Pike,"=""""","=""""",0,Audible Studios,Audible Audio,,2015,1813,,2020/02/29,to-read,to-read (#42),to-read,,,,0,0
29939139,The Importance of Being Earnest & Other Plays (Macmillan Collector's Library),Oscar Wilde,"Wilde, Oscar",,"=""1509827846""","=""9781509827848""",0,Macmillan Collector's Library,Hardcover,472,2017,1898,,2018/05/14,to-read,to-read (#27),to-read,,,,0,0
11625,Ariel: The Restored Edition,Sylvia Plath,"Plath, Sylvia",Frieda Hughes,"=""0060732601""","=""9780060732608""",5.0,Harper Perennial Modern Classics,Paperback,256,2018,2004,2020/02/22,2020/02/17,,,read,,,,1,0
48577600,Doamna Pylinska și secretul lui Chopin,Éric-Emmanuel Schmitt,"Schmitt, Éric-Emmanuel",,"=""6067795787""","=""9786067795783""",3.0,Humanitas Fiction,Paperback,128,2019,2018,2020/02/16,2020/02/16,,,read,,,,1,0
34669007,Cărţile care ne-au făcut oameni,Dan C. Mihăilescu,"Mihăilescu, Dan C.",,"=""973505745X""","=""9789735057459""",4.0,Humanitas,Paperback,136,2017,2010,2020/02/16,2020/02/16,,,read,,,,1,0
18114322,The Grapes of Wrath,John Steinbeck,"Steinbeck, John",,"=""067001690X""","=""9780670016907""",0,Viking,Hardcover,536,2014,1939,,2020/02/13,currently-reading,currently-reading (#1),currently-reading,,,,1,0
1179051,LES FLEURS DU MAL,Charles Baudelaire,"Baudelaire, Charles",Henri Scepi,"=""2070409392""","=""9782070409396""",5.0,GALLIMARD,Paperback,328,1999,1857,2020/02/12,2020/02/11,,,read,,,,1,0
51103549,Eugenia,Lionel Duroy,"Duroy, Lionel",Simona Modreanu,"=""6067795639""","=""9786067795639""",4.0,Humanitas Fiction,Paperback,411,2019,2018,2019/10/12,2019/10/01,,,read,,,,1,0
14664598,Le Symbolisme: Inédit,J.N. Illouz,"Illouz, J.N.",,"=""2253107999""","=""9782253107996""",3.0,LGF,Pocket Book,352,2004,2004,2020/02/06,2019/09/24,,,read,,,,1,0
1868551,La Princesse de Clèves,Madame de La Fayette,"Fayette, Madame de La",,"=""2218742160""","=""9782218742163""",3.0,Editions Hatier,Mass Market Paperback,255,2003,1678,2020/02/06,2020/02/03,,,read,,,,1,0
1512007,"Moromeții I (Moromeții, #1)",Marin Preda,"Preda, Marin",,"=""9736698416""","=""9789736698415""",5.0,Curtea Veche,Hardcover,416,2009,1955,2020/02/02,2020/01/25,,,read,"Cu Moromeții e o poveste lungă... Ne-am întâlnit acum mulți ani, pe când voiam să citesc toate lecturile pentru liceu cât mai repede într-o mult prea scurtă vacanță de vară. Tocmai terminasem primul volum din “Dune”, deci fix Moromete mai lipsea. Am abandonat după 100 de pagini.<br/>Timpul, deși și-a mai pierdut din răbdarea sa cu oamenii, mi-a dat ocazia să mă bucur în tihnă de unul dintre cele mai fascinante romane din literatura română. Umor, probleme reale, destinul unui om devenit victimă în fața istoriei- toate acestea puse pe umerii lui Ilie Moromete au un efect răvășitor.<br/>Totuși, nu cred că aș fi apreciat această lectură dacă cineva nu mi-ar fi explicat înainte contextul istoric și politic, realitățile din lumea satului cu care eu nu am nicio legătură din păcate. Poate din acest motiv mulți dintre cei care citesc romanul pentru bac nu au un parcurs plăcut. O cheie de lectură oferită înainte este o intrare garantată în lumea Moromeților.",,,1,0
7713401,Adam și Eva,Liviu Rebreanu,"Rebreanu, Liviu",,"=""""","=""9789736756139""",5.0,Litera ,Hardcover,286,2009,1925,2020/01/24,2020/01/14,,,read,,,,1,0
230200,Paroles,Jacques Prévert,"Prévert, Jacques",,"=""2070367622""","=""9782070367627""",0,Folio,Mass Market Paperback,254,1976,1946,,2020/01/20,to-read,to-read (#41),to-read,,,,0,0
1453390,Oh les beaux jours suivi de Pas moi,Samuel Beckett,"Beckett, Samuel",,"=""2707300551""","=""9782707300553""",3.0,Editions de Minuit,Mass Market Paperback,95,1963,1961,2020/01/18,2020/01/16,,,read,,,,1,0
44821174,Zgomotul lucrurilor în cădere,Juan Gabriel Vásquez,"Vásquez, Juan Gabriel",Marin Mălaicu-Hondrari,"=""9734678043""","=""9789734678044""",0,Polirom,Mass Market Paperback,304,2019,2011,,2020/01/15,to-read,to-read (#40),to-read,,,,0,0
25841314,"Ultima dorință (Seria Witcher, partea I)",Andrzej Sapkowski,"Sapkowski, Andrzej",Mihaela Fiscutean,"=""""","=""""",4.0,Nemira,Paperback,296,2015,1993,2020/01/13,2020/01/12,,,read,,,,1,0
44312213,Me,Elton John,"John, Elton",,"=""1509853316""","=""9781509853311""",5.0,Pan Macmillan Uk,Hardcover,376,2019,2019,2020/01/12,2019/11/05,,,read,,,,1,0
39074547,The Penguin Classics Book,Henry Eliot,"Eliot, Henry",,"=""0241320852""","=""9780241320853""",0,Penguin Classics,Hardcover,460,2019,2018,,2020/01/12,to-read,to-read (#39),to-read,,,,0,0
17157681,"The Hobbit, Part One",J.R.R. Tolkien,"Tolkien, J.R.R.",David Wyatt,"=""0007926669""","=""9780007926664""",5.0,HarperCollins Children's Books,Paperback,230,2012,1937,,2020/01/05,,,read,,,,1,0
43197389,High School,Tegan Quin,"Quin, Tegan",Sara Quin,"=""0374169942""","=""9780374169947""",5.0,MCD,Hardcover,384,2019,2019,2020/01/04,2020/01/02,,,read,,,,1,0
30138077,Toată lumina pe care nu o putem vedea,Anthony Doerr,"Doerr, Anthony",Iulia Gorzo,"=""6067790548""","=""9786067790542""",5.0,Humanitas Fiction,Paperback,464,2016,2014,2020/01/02,2019/12/23,,,read,,,,1,0
50012822,Povestea fără sfârșit,Michael Ende,"Ende, Michael",,"=""6067886669""","=""9786067886665""",4.0,Arthur,Hardcover,520,2019,1979,2019/12/30,2019/12/28,,,read,,,,1,0
5326,A Christmas Carol,Charles Dickens,"Dickens, Charles",Joe L. Wheeler,"=""1561797464""","=""9781561797462""",5.0,Bethany House Publishers ,Paperback,184,1999,1843,,2017/01/25,,,read,,,,2,0
20426995,20 de ani în Siberia,Anița Nandriș-Cudla,"Nandriș-Cudla, Anița",,"=""""","=""""",5.0,Humanitas,Paperback,179,1991,1991,2019/12/23,2019/12/16,,,read,,,,1,0
49631723,Hoinar prin România: jurnalul unui călător francez,Grégory Rateau,"Rateau, Grégory",Nicolae Constantinescu,"=""9734679058""","=""9789734679058""",0,Polirom,Paperback,240,2019,2016,,2019/11/14,to-read,to-read (#38),to-read,,,,0,0
44573147,"Find Me (Call Me By Your Name, #2)",André Aciman,"Aciman, André",,"=""0571356494""","=""9780571356492""",4.0,Faber & Faber,Paperback,256,2019,2019,2019/12/15,2019/12/13,,,read,,,,1,0
17669830,Poezia romana moderna de la G. Bacovia la Emil Botta,Antologie si note de Nicolae Manolescu,"Manolescu, Antologie si note de Nicolae",,"=""""","=""""",4.0,,Unknown Binding,,,,2019/12/03,2019/11/14,,,read,,,,1,0
4406,East of Eden,John Steinbeck,"Steinbeck, John",,"=""0142000655""","=""9780142000656""",0,Penguin Books,Paperback,601,2002,1952,,2019/11/23,to-read,to-read (#37),to-read,,,,0,0
35263366,Portocala mecanică,Anthony Burgess,"Burgess, Anthony","Andrew Biswell, Carmen Ciora, Dominica Drumea","=""606779117X""","=""9786067791174""",5.0,Humanitas Fiction,Hardcover,307,2016,1962,2019/04/25,2019/04/25,favorites,favorites (#2),read,,,,1,0
10921097,Maestrul şi Margareta,Mikhail Bulgakov,"Bulgakov, Mikhail",Ion Covaci,"=""973689293X""","=""9789736892936""",5.0,Humanitas,Paperback,520,2007,1925,2018/02/04,2018/01/27,favorites,favorites (#1),read,,,,1,0
21521909,Căutând-o pe Alaska,John  Green,"Green, John",Shauki Al-Gareeb,"=""9737079280""","=""9789737079282""",3.0,Editura Trei,Paperback,288,2014,2005,2019/11/06,2019/11/05,,,read,,,,1,0
16096926,Scrisorar,Mikhail Shishkin,"Shishkin, Mikhail",Antoaneta Olteanu,"=""6065883360""","=""9786065883369""",4.0,Curtea Veche,Paperback,352,2012,2010,2019/10/18,2019/10/13,,,read,,,,1,0
43195804,Mesaj către tineri: redescoperiţi literatura!,Alex. Ștefănescu,"Ștefănescu, Alex.",,"=""606441717X""","=""9786064417176""",4.0,Curtea Veche,Paperback,128,2018,2014,2019/10/12,2019/10/12,,,read,,,,1,0
23206955,Rugă pentru Katerina Horovitzova,Arnošt Lustig,"Lustig, Arnošt",Dan Mircea Duţă,"=""6065886769""","=""9786065886766""",3.0,Curtea Veche,Paperback,176,2014,1964,2019/10/12,2019/10/12,,,read,,,,1,0
42975172,"The Testaments (The Handmaid's Tale, #2)",Margaret Atwood,"Atwood, Margaret",,"=""""","=""""",4.0,Nan A. Talese,Hardcover,422,2019,2019,2019/09/29,2019/09/24,,,read,"Praise be, that was intense. Maybe for all this years I haven’t been part of the story and that made me feel even more attracted to the story and Gilead. I stopped watching the series after the first episode of season 2 because it hadn’t reached my expectations after the novel, but this sequel clearly did. I’m glad that the story was told from 3 points of view, none being June’s. Clearly, the biggest surprise was the Ardua Hall Holograph and its testimony. The society presented is complex and so are the founders, well-written characters. Margaret Atwood blessed us with another reading gift.",,,1,0
43588026,Palatul Viselor,Ismail Kadare,"Kadare, Ismail",Marius Dobrescu,"=""6067794357""","=""9786067794359""",3.0,Humanitas Fiction,Paperback,208,2019,1981,2019/09/23,2019/09/18,,,read,,,,1,0
953430,Mémoires d'Hadrien,Marguerite Yourcenar,"Yourcenar, Marguerite",,"=""2070298701""","=""9782070298709""",0,Gallimard,Paperback,360,1977,1951,,2019/08/09,to-read,to-read (#35),to-read,,,,0,0
1140975,De La Littérature,Umberto Eco,"Eco, Umberto",,"=""2246636817""","=""9782246636816""",4.0,GRASSET,Paperback,,2003,2002,2019/09/23,2019/09/15,,,read,,,,1,0
1519572,Qu'est-ce que la littérature ?,Jean-Paul Sartre,"Sartre, Jean-Paul",,"=""2070323064""","=""9782070323067""",3.0,Gallimard,Mass Market Paperback,308,1985,1948,2019/09/15,2019/09/11,,,read,,,,1,0
3173601,Questions of Literature and Aesthetics,Mikhail Bakhtin,"Bakhtin, Mikhail",Daria Olivier,"=""2070711048""","=""9782070711048""",0,Gallimard,Paperback,496,1987,1975,,2019/09/12,to-read,to-read (#34),to-read,,,,0,0
96995,Le plaisir du texte. Précédé de : Variations sur l'écriture,Roland Barthes,"Barthes, Roland",Carlo Ossola,"=""2020417871""","=""9782020417877""",3.0,Seuil,Paperback,160,2000,,2019/09/12,2019/09/12,,,read,,,,1,0
10990286,Şoareci şi oameni,John Steinbeck,"Steinbeck, John",,"=""9735767651""","=""9789735767655""",5.0,RAO,Paperback,160,2005,1937,2019/09/09,2018/01/01,,,read,,,,1,0
9683172,Toxic,Françoise Sagan,"Sagan, Françoise",Bernard Buffet,"=""9731245022""","=""9789731245027""",3.0,ART,Paperback,90,2010,1957,2019/09/08,2019/09/08,,,read,,,,1,0
36840219,Chihlimbar,Cătălin Pavel,"Pavel, Cătălin",,"=""9734671618""","=""9789734671618""",0,Polirom,Paperback,269,2017,2017,,2019/09/07,to-read,to-read (#33),to-read,,,,0,0
35059696,Setea Muntelui de Sare,Marin Sorescu,"Sorescu, Marin",,"=""""","=""9789731249704""",5.0,Art,Hardcover,190,2017,1974,2019/09/07,2019/09/06,,,read,,,,1,0
68783,"Girl, Interrupted",Susanna Kaysen,"Kaysen, Susanna",,"=""0679746048""","=""9780679746041""",0,Vintage ,Paperback,169,1994,1993,,2019/09/03,to-read,to-read (#32),to-read,,,,0,0
1289416,Lector in fabula ou La coopération interprétative dans les textes narratifs,Umberto Eco,"Eco, Umberto",,"=""2246342619""","=""9782246342618""",3.0,GRASSET,Paperback,324,1985,1979,2019/09/03,2019/09/01,,,read,,,,1,0
38647138,Clopotul de sticlă,Sylvia Plath,"Plath, Sylvia",Alexandra Coliban,"=""9734672258""","=""9789734672257""",4.0,Polirom,Paperback,288,2018,1963,2019/09/03,2019/09/02,,,read,,,,1,0
37888372,Gravitational Waves: How Einstein’s Spacetime Ripples Reveal the Secrets of the Universe,Brian Clegg,"Clegg, Brian",,"=""1785783203""","=""9781785783203""",3.0,Icon Books,Paperback,176,2018,2018,2019/09/03,2019/09/02,,,read,,,,1,0
45161445,Mica mea inimă de om singuratic,Vlad Drăgoi,"Drăgoi, Vlad",,"=""9734677993""","=""9789734677993""",3.0,Polirom,Paperback,200,2019,2019,2019/08/31,2019/08/13,,,read,,,,1,0
35114345,Cele mai mici proze,Doina Ioanid,"Ioanid, Doina",,"=""606758932X""","=""9786067589320""",0,Nemira,Paperback,88,2017,2017,,2019/08/30,to-read,to-read (#31),to-read,,,,0,0
28251246,One Flew Over the Cuckoo's Nest,Ken Kesey,"Kesey, Ken",,"=""""","=""""",0,Penguin Classics,Paperback,304,2016,1962,,2019/08/25,to-read,to-read (#30),to-read,,,,0,0
7714958,Rătăcirile fetei nesăbuite,Mario Vargas Llosa,"Llosa, Mario Vargas",Luminiţa Voina-Răuţ,"=""9735019728""","=""9789735019723""",3.0,Humanitas,Paperback,339,2008,2006,2019/08/24,2019/08/24,,,read,,,,1,0
35713412,Clar de femeie,Romain Gary,"Gary, Romain",,"=""606779229X""","=""9786067792294""",4.0,Humanitas Fiction,Paperback,168,2017,1977,2019/08/18,2019/08/18,,,read,,,,1,0
40870787,Cei doi domni din Bruxelles,Éric-Emmanuel Schmitt,"Schmitt, Éric-Emmanuel",Simona Brînzaru,"=""6067793822""","=""9786067793826""",3.0,Humanitas Fiction,Paperback,232,2018,2012,2019/08/15,2019/08/14,,,read,,,,1,0
822338,Huis clos: suivi de Les Mouches,Jean-Paul Sartre,"Sartre, Jean-Paul",,"=""2070368076""","=""9782070368075""",5.0,Folio,Mass Market Paperback,247,2000,1946,2019/08/13,2019/08/13,,,read,,,,1,0
35962739,alcools / alcooluri,Guillaume Apollinaire,"Apollinaire, Guillaume",Mihail  Nemeș,"=""9734703900""","=""9789734703906""",4.0,Paralela 45,Paperback,264,2008,1913,2019/08/13,2019/08/12,,,read,,,,1,0
44422660,Biblioteca invizibilă,Genevieve Cogman,"Cogman, Genevieve",Iulia Dromereschi,"=""6064304685""","=""9786064304681""",2.0,Editura Nemira,Paperback,308,2019,2014,2019/08/10,2019/08/09,,,read,,,,1,0
23509424,În cafeneaua tinereţii pierdute,Patrick Modiano,"Modiano, Patrick",Constantin Abăluţă,"=""6067101483""","=""9786067101485""",5.0,Art,Hardcover,190,2014,2007,2019/08/08,2019/08/07,,,read,,,,1,0
23692271,Sapiens: A Brief History of Humankind,Yuval Noah Harari,"Harari, Yuval Noah",,"=""""","=""""",5.0,Vintage,Paperback,512,2015,2011,2019/08/07,2019/02/05,,,read,,,,1,0
46016411,"Harta zilelor (Miss Peregrine's Peculiar Children, #4)",Ransom Riggs,"Riggs, Ransom",Laura Ciobanu,"=""6068811832""","=""9786068811833""",5.0,Editura YoungArt,Hardcover,560,2019,2018,2019/08/07,2019/08/06,,,read,,,,1,0
42283090,Vântureasa de plastic,Marius Chivu,"Chivu, Marius",Dan Stanciu,"=""9735062321""","=""9789735062323""",5.0,Humanitas,Paperback,120,2018,2012,2019/08/06,2019/08/06,,,read,,,,1,0
2257015,Du plus loin de l'oubli,Patrick Modiano,"Modiano, Patrick",,"=""2070744124""","=""9782070744121""",4.0,Gallimard,Paperback,164,1996,1995,2019/07/24,2019/07/24,,,read,,,,1,0
36196857,Emma G. Wildford,Zidrou,"Zidrou, Zidrou",Édith,"=""230206397X""","=""9782302063976""",3.0,Soleil,Hardcover,104,2017,2017,2019/07/20,2019/07/20,,,read,,,,1,0
11840250,De l'âme,Aristotle,"Aristotle, Aristotle",Pierre Thillet,"=""2070305449""","=""9782070305445""",4.0,Gallimard,Paperback,426,,-350,2019/07/19,2019/07/02,,,read,,,,1,0
24414396,"Magicienii (Magicienii, #1)",Lev Grossman,"Grossman, Lev",Oana Chiţu,"=""606579404X""","=""9786065794047""",3.0,Nemira,Paperback,576,2014,2009,2019/07/19,2019/07/07,,,read,,,,1,0
43318703,Happa No Ko,Karin Serres,"Serres, Karin",,"=""281261689X""","=""9782812616891""",2.0,Editions du Rouergue,Paperback,142,2018,,2019/07/13,2019/07/13,,,read,,,,1,0
14664176,Amoureuse Colette,Geneviève Dormann,"Dormann, Geneviève",,"=""2253040878""","=""9782253040873""",4.0,LGF,Pocket Book,249,1997,2004,2019/07/02,2019/06/30,,,read,,,,1,0
7263428,Un cuib de nobili,Ivan Turgenev,"Turgenev, Ivan",,"=""9735760207""","=""9789735760205""",3.0,Grupul Editorial RAO,Paperback,204,1998,1859,2019/02/05,2019/02/05,,,read,,,,1,0
17861327,Pivnitele Vaticanului,André Gide,"Gide, André",,"=""""","=""""",4.0,Editura Curtea Veche Publishing,Paperback,240,2010,1914,2019/06/26,2019/06/23,,,read,,,,1,0
1516339,Pierre et Jean,Guy de Maupassant,"Maupassant, Guy de",Marie-Claire Ropars-Wuilleumier,"=""2253012351""","=""9782253012351""",3.0,LGF,Mass Market Paperback,193,1979,1888,2019/06/21,2019/06/08,,,read,,,,1,0
20940819,O întâmplare ciudată cu un câine la miezul nopţii,Mark Haddon,"Haddon, Mark",Constantin Dumitru-Palcus,"=""9737079221""","=""9789737079220""",3.0,Editura Trei,Paperback,288,2014,2003,2019/06/17,2017/01/29,,,read,,,,1,0
44422683,Sfârșitul bibliotecii mele,Alberto Manguel,"Manguel, Alberto",,"=""6064304715""","=""9786064304711""",4.0,Editura Nemira,Paperback,204,2019,2018,2019/06/05,2019/06/04,,,read,,,,1,0
43199399,Viața secretă a cadavrelor,Mary Roach,"Roach, Mary",Gabriel Tudor,"=""6067105861""","=""9786067105865""",4.0,Art,Paperback,296,2018,2003,2019/06/02,2019/05/30,,,read,,,,1,0
11486,"The Color Purple (The Color Purple, #1)",Alice Walker,"Walker, Alice",,"=""""","=""""",5.0,Pocket,Paperback,295,2004,1982,2019/05/30,2019/03/09,,,read,,,,1,0
44319759,Străinul,Albert Camus,"Camus, Albert",Daniel Nicolescu,"=""973467823X""","=""9789734678235""",4.0,Polirom,Mass Market Paperback,200,2019,1942,2019/05/27,2019/05/27,,,read,,,,1,0
21479575,Despre libertate,John Stuart Mill,"Mill, John Stuart",Adrian-Paul Iliescu,"=""9735044064""","=""9789735044060""",4.0,Humanitas,Paperback,212,2014,1859,2019/05/25,2019/04/22,,,read,,,,1,0
1589254,Hamlet (Case Studies in Contemporary Criticism),William Shakespeare,"Shakespeare, William",Susanne L. Wofford,"=""0312055447""","=""9780312055448""",0,Bedford/St. Martin's,Paperback,418,1993,1601,,2019/05/21,to-read,to-read (#26),to-read,,,,0,0
1937876,Ciocoii vechi şi noi,Nicolae Filimon,"Filimon, Nicolae",,"=""9732101148""","=""9789732101148""",4.0,Editura Minerva,Paperback,256,1990,1863,2019/05/21,2019/05/21,,,read,,,,1,0
884200,The Birth of Purgatory,Jacques Le Goff,"Goff, Jacques Le",Arthur Goldhammer,"=""0226470830""","=""9780226470832""",5.0,University of Chicago Press,Paperback,440,1986,1981,2019/05/21,2019/04/08,,,read,,,,1,0
4516,Marina,Carlos Ruiz Zafón,"Zafón, Carlos Ruiz",,"=""8423648990""","=""9788423648993""",5.0,Edebe,Paperback,238,1999,1999,2019/05/20,2019/05/20,,,read,,,,1,0
768777,"Ultima noapte de dragoste, întâia noapte de război",Camil Petrescu,"Petrescu, Camil",,"=""""","=""9789735915889""",3.0,Gramar,Paperback,252,2001,1930,2019/05/16,2018/03/13,,,read,,,,1,0
11412726,Alexandru Lăpuşneanul,Constantin Negruzzi,"Negruzzi, Constantin",,"=""9738580765""","=""""",3.0,Herra,Paperback,26,2008,1840,2019/04/28,2019/04/28,,,read,,,,1,0
23450832,Luna şi doi bani jumate,W. Somerset Maugham,"Maugham, W. Somerset",Andrei Bantaș,"=""9734634895""","=""9789734634897""",4.0,Polirom,Paperback,248,2013,1919,2019/04/28,2019/04/27,,,read,,,,1,0
22535625,Abatorul cinci,Kurt Vonnegut Jr.,"Jr., Kurt Vonnegut",Rodica Mihăilă,"=""9731249753""","=""9789731249759""",4.0,Art,Hardcover,198,2014,1969,2019/04/21,2019/04/14,,,read,,,,1,0
984563,Fata din Zlataust,Ionel Teodoreanu,"Teodoreanu, Ionel",,"=""""","=""""",5.0,Junimea,Paperback,421,1994,1931,2019/04/21,2019/04/19,,,read,"Mi-a schimbat total parerea despre Ionel Teodoreanu, un autor pe care de cele mai multe ori il ocoleam dupa nefericita intalnire cu “La Medeleni”. In acest roman, totusi, prind viata o lume si o scriitura total diferite de lecturile traditionale ale lui Teodoreanu. Un volum ce poate doar sa uimeasca.",,,1,0
5198851,Hanul Ancuței,Mihail Sadoveanu,"Sadoveanu, Mihail",,"=""9735913232""","=""9789735913236""",0,100+1 Gramar,Paperback,142,2003,1928,,2017/09/02,,,read,,,,1,0
18688465,Leaganul pisicii,Kurt Vonnegut Jr.,"Jr., Kurt Vonnegut",Raluca Popescu,"=""9736815560""","=""9789736815560""",3.0,,Paperback,352,2004,1963,2019/04/05,2019/04/04,,,read,,,,1,0
22310165,Despre lucrurile cu adevarat importante,Alexandru Paleologu,"Paleologu, Alexandru",,"=""9734621742""","=""9789734621743""",5.0,Polirom,Paperback,294,2011,1997,2019/03/31,2019/03/24,,,read,,,,1,0
23123308,Bătrânul și marea,Ernest Hemingway,"Hemingway, Ernest",,"=""""","=""""",5.0,Polirom,Paperback,173,2014,1952,2019/03/21,2019/03/18,,,read,,,,1,0
1711424,Moara cu Noroc,Ioan Slavici,"Slavici, Ioan",,"=""""","=""""",3.0,Bestseller Publishing,ebook,114,2013,1881,2019/03/16,2019/03/16,,,read,,,,1,0
128029,A Thousand Splendid Suns,Khaled Hosseini,"Hosseini, Khaled",,"=""1594489505""","=""9781594489501""",0,Riverhead Books,Hardcover,372,2007,2007,,2019/03/09,,,read,,,,1,0
1381,The Odyssey,Homer,"Homer, Homer","Robert Fagles, Bernard Knox","=""0143039954""","=""9780143039952""",0,Penguin Classics ,Paperback,541,2006,-750,,2019/03/09,to-read,to-read (#25),to-read,,,,0,0
2956,"The Adventures of Huckleberry Finn (Adventures of Tom and Huck, #2)",Mark Twain,"Twain, Mark","Guy Cardwell, E.W. Kemble, John Seelye, Walter Trier, Tom Wilson, William Little Hughes","=""0142437174""","=""9780142437179""",0,Penguin Classics,Paperback,327,2002,1885,,2019/03/09,,,read,,,,1,0
1362112,Tolkien On Fairy-stories,J.R.R. Tolkien,"Tolkien, J.R.R.","Verlyn Flieger, Douglas A. Anderson","=""0007244665""","=""9780007244669""",0,HarperCollins,Hardcover,320,2008,2008,,2019/03/09,to-read,to-read (#24),to-read,,,,0,0
18135,Romeo and Juliet,William Shakespeare,"Shakespeare, William",,"=""0743477111""","=""9780743477116""",0,Washington Square Press,Mass Market Paperback,281,2002,1590,,2019/03/09,,,read,,,,1,0
19063,The Book Thief,Markus Zusak,"Zusak, Markus",,"=""""","=""""",0,Alfred A. Knopf,Kindle Edition,592,2006,2005,,2019/03/09,,,read,,,,1,0
39507318,The Library Book,Susan Orlean,"Orlean, Susan",,"=""1476740186""","=""9781476740188""",0,Simon & Schuster,Hardcover,317,2018,2018,,2019/03/09,to-read,to-read (#23),to-read,,,,0,0
38746485,Becoming,Michelle Obama,"Obama, Michelle",,"=""1524763136""","=""9781524763138""",0,Crown,Hardcover,448,2018,2018,,2019/03/09,to-read,to-read (#22),to-read,,,,0,0
17406394,Jurnalul unei iubiri imposibile,Kaya de Vos,"Vos, Kaya de",,"=""9736895599""","=""9789736895593""",3.0,"Humanitas Fiction, Romania",Paperback,160,2013,2013,2019/03/09,2019/03/09,,,read,,,,1,0
22028295,Il Principe/Principele,Niccolò Machiavelli,"Machiavelli, Niccolò","Nina Façon, Monica Fekete, Gian Mario Anselmi","=""9735044218""","=""9789735044213""",3.0,Humanitas,Paperback,324,2014,1513,2019/03/07,2019/03/04,,,read,,,,1,0
43882990,Iubirile lui Hemingway povestite de el însuși,A.E. Hotchner,"Hotchner, A.E.",Alexandru Macovescu,"=""9735063492""","=""9789735063498""",4.0,Humanitas,Paperback,180,2019,2015,2019/03/05,2019/03/05,,,read,,,,1,0
42523875,Două eseuri despre paradis,Horia-Roman Patapievici,"Patapievici, Horia-Roman",,"=""9735062755""","=""9789735062750""",5.0,Humanitas,Hardcover,136,2018,2018,2019/03/04,2019/03/04,,,read,,,,1,0
35222317,O fată din bucăți,Kathleen Glasgow,"Glasgow, Kathleen",Alina Marc Ciulacu,"=""6069425189""","=""9786069425183""",4.0,Storia Books,Paperback,440,2017,2016,2019/02/28,2019/02/27,,,read,,,,1,0
43849142,Răzbunarea iertării,Éric-Emmanuel Schmitt,"Schmitt, Éric-Emmanuel",,"=""6067794772""","=""9786067794779""",5.0,Humanitas Fiction,Paperback,264,2019,2017,2019/02/24,2019/02/23,,,read,,,,1,0
44099124,Literatura Europeană și Evul Mediu Latin (Excursuri),Ernst Robert Curtius,"Curtius, Ernst Robert",,"=""""","=""""",4.0,Paideia,Unknown Binding,351,2000,1948,2019/02/23,2019/02/23,,,read,,,,1,0
22597248,"La sud de graniță, la vest de soare",Haruki Murakami,"Murakami, Haruki",Angela Hondru,"=""9734645382""","=""9789734645381""",5.0,Polirom,Paperback,248,2014,1992,2019/02/20,2019/02/15,,,read,,,,1,0
3972701,Critice (Romanian Edition),Titu Maiorescu,"Maiorescu, Titu",,"=""5368007825""","=""9785368007823""",4.0,Editura Hyperion,Hardcover,411,1990,1990,2019/02/15,2019/02/13,,,read,,,,1,0
31552327,444 de fragmente memorabile ale lui Neagu Djuvara,Neagu Djuvara,"Djuvara, Neagu",Gabriel Liiceanu,"=""9735053802""","=""9789735053802""",5.0,Humanitas,Hardcover,208,2016,2016,2019/02/15,2019/02/13,,,read,,,,1,0
11713,The English Patient,Michael Ondaatje,"Ondaatje, Michael",,"=""0771068719""","=""9780771068713""",5.0,McClelland & Stewart,Hardcover,320,2006,1992,2019/02/13,2019/02/05,,,read,,,,1,0
13646962,Zaira,Cătălin Dorian Florescu,"Florescu, Cătălin Dorian",Mariana Bărbulescu,"=""9734623990""","=""9789734623990""",5.0,Polirom,Paperback,456,2012,2008,2019/02/07,2019/02/05,,,read,,,,1,0
17924169,Agonie si extaz (volumul 2),Irving Stone,"Stone, Irving",Oana-Emilia Tarna-Bacosca,"=""606539162X""","=""9786065391628""",4.0,Adevarul Holding,Hardcover,480,2010,1961,2017/12/01,2017/11/13,,,read,,,,1,0
39313697,Cuvinte în albastru intens,Cath Crowley,"Crowley, Cath",Irina Stoica,"=""""","=""""",5.0,Storia Books,Paperback,304,2018,2016,2019/02/05,2019/02/05,,,read,,,,1,0
33119084,Scriitopia sau Fictionalizarea subiectului auctorial in discursul teoretic,Mihaela Ursa,"Ursa, Mihaela",,"=""""","=""""",4.0,Dacia,Paperback,287,2010,,2019/02/05,2019/02/05,,,read,,,,1,0
30244658,Dragă Theo,Vincent van Gogh,"Gogh, Vincent van",Constanţa Tănăsescu,"=""6067103125""","=""9786067103120""",0,Art,Paperback,630,2016,1914,,2018/04/23,to-read,to-read (#21),to-read,,,,0,0
23590526,Good Omens,Terry Pratchett,"Pratchett, Terry",Neil Gaiman,"=""""","=""""",0,Corgi,Mass Market Paperback,415,2015,1990,,2018/07/10,to-read,to-read (#20),to-read,,,,0,0
40376511,Iubire amară,Elena Ferrante,"Ferrante, Elena",Cerasela Barbone,"=""6069781600""","=""9786069781609""",4.0,Pandora M,Paperback,174,2018,1992,2019/02/05,2019/02/05,,,read,,,,1,0
536670,Freddie Mercury,Peter Freestone,"Freestone, Peter",,"=""0711986746""","=""9780711986749""",3.0,Omnibus Press,Paperback,258,2001,2000,2019/02/05,2019/02/05,,,read,,,,1,0
33240123,Cei care pleacă și cei ce rămân,Elena Ferrante,"Ferrante, Elena",Cerasela Barbone,"=""6068780929""","=""9786068780924""",5.0,Trei,Paperback,408,2016,2013,2019/02/05,2019/02/05,,,read,,,,1,0
30770818,Povestea noului nume,Elena Ferrante,"Ferrante, Elena",Cerasela Barbone,"=""6068780392""","=""9786068780399""",5.0,Editura Trei ,Paperback,488,2016,2012,2019/02/05,2019/02/05,,,read,,,,1,0
27867970,Prietena mea genială (L'amica geniale #1),Elena Ferrante,"Ferrante, Elena",Cerasela Barbone,"=""9731989706""","=""9789731989709""",5.0,Editura Trei,Paperback,336,2015,2011,2019/02/05,2019/02/05,,,read,,,,2,0
18248165,"Jocul îngerului (Cimitirul cărților uitate, #2)",Carlos Ruiz Zafón,"Zafón, Carlos Ruiz",Dragoş Cojocaru,"=""9734635816""","=""9789734635818""",4.0,editura Polirom,Paperback,472,2013,2008,2018/07/09,2018/07/07,,,read,"Prima a fost clar mai buna, dar tot a avut dialoguri savuroase si personaje cum numai Zafon le poate crea, pe fundalul unei Barceloneze care , pe de o parte te invita sa o descoperi, iar pe de alta te infricoseaza prin aerul sau gotic, sinistru",,,1,0
10655268,Cititorul,Bernhard Schlink,"Schlink, Bernhard",Ana Mureșanu,"=""9734619136""","=""9789734619139""",5.0,Polirom,Paperback,199,2011,1995,2018/07/01,2018/07/01,,,read,,,,1,0
21398769,"Umbra vîntului (Cimitirul cărților uitate, #1)",Carlos Ruiz Zafón,"Zafón, Carlos Ruiz",,"=""9734635824""","=""9789734635825""",5.0,Polirom,Paperback,488,2013,2001,2018/06/24,2018/06/21,,,read,,,,1,0
51496,Dr. Jekyll and Mr. Hyde,Robert Louis Stevenson,"Stevenson, Robert Louis","Vladimir Nabokov, Dan Chaon, Jerome Charyn, Simon Vestdijk","=""0451528956""","=""9780451528957""",4.0,Signet Classic,Mass Market Paperback,139,2003,1886,2018/06/19,2018/06/19,,,read,,,,1,0
401789,The Dark Labyrinth,Lawrence Durrell,"Durrell, Lawrence",,"=""057120743X""","=""9780571207435""",4.0,Faber and Faber,Paperback,256,2001,1947,2018/06/18,2018/06/15,,,read,,,,1,0
40299322,Camera lui Giovanni,James Baldwin,"Baldwin, James",Elena Marcu,"=""""","=""9786069450789""",5.0,Black Button Books,Paperback,180,2018,1956,2018/06/16,2018/06/16,,,read,,,,1,0
15864989,Diavolul şi domnişoara Prym,Paulo Coelho,"Coelho, Paulo",Pavel Cuila,"=""9735019574""","=""9789735019570""",4.0,Humanitas,Paperback,183,2008,2000,2018/06/13,2018/06/12,,,read,,,,1,0
20947392,Wabi-Sabi,Francesc Miralles,"Miralles, Francesc",,"=""8498729181""","=""9788498729184""",5.0,B DE BOLSILLO (SELLO),Paperback,224,2014,2013,2018/06/12,2018/06/05,,,read,,,,1,0
40057083,Băiatul cel nou (Hogarth Shakespeare),Tracy Chevalier,"Chevalier, Tracy",,"=""6067793717""","=""9786067793710""",3.0,Humanitas ,Paperback,200,2018,2017,2018/06/11,2018/06/11,,,read,,,,1,0
7082,Do Androids Dream of Electric Sheep?,Philip K. Dick,"Dick, Philip K.",Roger Zelazny,"=""""","=""""",4.0,Del Rey / Ballantine Books,Paperback,244,1996,1968,2018/05/27,2018/05/14,,,read,,,,1,0
98687,Call Me by Your Name,André Aciman,"Aciman, André",,"=""0374299218""","=""9780374299217""",0,"Farrar, Straus and Giroux",Hardcover,248,2007,2007,,2018/05/13,to-read,to-read (#19),to-read,,,,0,0
8843371,Între zi şi noapte,Henriette Yvonne Stahl,"Stahl, Henriette Yvonne",,"=""""","=""""",0,Dacia,Paperback,297,1988,1942,,2017/02/10,to-read,to-read (#18),to-read,,,,0,0
28260402,"The Song Rising (The Bone Season, #3)",Samantha Shannon,"Shannon, Samantha",,"=""1632866242""","=""9781632866240""",0,Bloomsbury USA,Hardcover,384,2017,2017,,2017/03/21,to-read,to-read (#17),to-read,,,,0,0
25921170,La râul Piedra am şezut şi-am plâns,Paulo Coelho,"Coelho, Paulo",Pavel Cuila,"=""9736897338""","=""9789736897337""",4.0,Humanitas Fiction,Paperback,216,2014,1994,2018/04/20,2018/04/20,,,read,,,,3,0
865,The Alchemist,Paulo Coelho,"Coelho, Paulo",Alan R. Clarke,"=""0061122416""","=""9780061122415""",5.0,HarperCollins,Paperback,197,1993,1988,2018/04/08,2017/01/25,,,read,,,,1,0
15753028,Jurnalul unui mag,Paulo Coelho,"Coelho, Paulo",,"=""9735014122""","=""9789735021894""",5.0,Humanitas,Paperback,252,2006,1987,2018/04/08,2018/04/07,,,read,,,,1,0
25300524,"Un tramvai numit Dorinţă, Trandafirul tatuat, Pisica pe acoperişul fierbinte, Noaptea iguanei",Tennessee Williams,"Williams, Tennessee",,"=""""","=""9789731245232""",5.0,editura Art,Hardcover,448,2010,2010,2018/04/07,2018/03/23,,,read,,,,1,0
60483,Music for Chameleons,Truman Capote,"Capote, Truman",,"=""0141184612""","=""9780141184616""",5.0,Penguin,Paperback,262,2001,1980,2018/04/04,2018/04/04,,,read,,,,1,0
24863990,Istoria iubirii,Simon May,"May, Simon",Dana Ionescu,"=""6065797294""","=""9786065797291""",5.0,Nemira,Hardcover,368,2014,2011,2018/03/11,2018/03/08,,,read,,,,1,0
3179891,Cititorul din pestera,Rui Zink,"Zink, Rui",Micaela Ghiţescu,"=""9735019329""","=""9789735019327""",4.0,Humanitas,Paperback,96,2008,2006,2018/03/11,2018/03/09,,,read,,,,1,0
25818553,Dubla flacără: dragoste şi erotism,Octavio Paz,"Paz, Octavio",Cornelia Rădulescu,"=""9732809086""","=""9789732809082""",5.0,Humanitas,Paperback,208,1998,1993,2018/03/02,2018/03/01,,,read,,,,1,0
20549084,Procesul,Franz Kafka,"Kafka, Franz",,"=""""","=""9786066094221""",4.0,Editura Rao,Hardcover,284,2013,1925,2018/02/26,2018/02/25,,,read,,,,1,0
7408117,Suferințele tânărului Werther,Johann Wolfgang von Goethe,"Goethe, Johann Wolfgang von",,"=""""","=""""",5.0,Editura Cartier,Hardcover,,2005,1774,2018/02/23,2018/02/22,,,read,,,,1,0
4764823,Concert din muzică de Bach,Hortensia Papadat-Bengescu,"Papadat-Bengescu, Hortensia",,"=""9735915162""","=""9789735915162""",4.0,Gramar,Paperback,238,2006,1927,2018/02/19,2018/02/20,,,read,,,,1,0
13409773,Fecioarele despletite,Hortensia Papadat-Bengescu,"Papadat-Bengescu, Hortensia",,"=""""","=""""",4.0,Eminescu,Paperback,302,1982,1925,2018/02/20,2018/02/17,,,read,,,,1,0
9504065,Accidentul,Mihail Sebastian,"Sebastian, Mihail",,"=""""","=""""",5.0,Minerva,Paperback,370,2008,1940,2018/02/12,2018/02/11,,,read,,,,1,0
36283764,Iubire cu „i“ mic,Francesc Miralles,"Miralles, Francesc",,"=""6067792389""","=""9786067792386""",5.0,Humanitas Fiction,Paperback,248,2017,2006,2018/02/09,2018/02/08,,,read,,,,1,0
17369393,Iliada,Homer,"Homer, Homer",Dan Slușanschi,"=""9735037025""","=""9789735037024""",0,Humanitas,Hardcover,568,2012,-750,,2018/01/19,to-read,to-read (#15),to-read,,,,0,0
13537532,Omul ilustrat,Ray Bradbury,"Bradbury, Ray",Nina Trifan,"=""0978753283""","=""""",4.0,Editura Univers,Paperback,160,2006,1951,2018/01/14,2018/01/13,,,read,"O carte care m-a uimit, m-a infricosat, m-a facut sa imi pun intrebari si sa zambesc. Totusi, numai posibilitatea ca povestile sa devina realitati de zi cu zi  imi da fiori si ridica un semn de alarma pentru viitorul nu chiar atat de indepartat.",,,1,0
18490047,Sacrul și profanul,Mircea Eliade,"Eliade, Mircea",Brînduşa Prelipceanu,"=""9735039982""","=""9789735039981""",5.0,Humanitas,Paperback,168,2013,1957,2018/01/13,2018/01/12,,,read,,,,1,0
12239574,Elogiu mamei vitrege,Mario Vargas Llosa,"Llosa, Mario Vargas",Alma Maria Moldovan,"=""9735017628""","=""9789735017620""",4.0,Humanitas,Paperback,167,2007,1988,2018/01/09,2018/01/08,,,read,,,,1,0
25415157,Un veac de singurătate,Gabriel García Márquez,"Márquez, Gabriel García",,"=""6066098403""","=""9786066098403""",5.0,Rao Books,Hardcover,480,2014,1967,2018/01/07,2018/01/01,,,read,,,,1,0
25200186,"Tea: A Miscellany Steeped with Trivia, History and Recipes",Emily Kearns,"Kearns, Emily",,"=""1849536791""","=""9781849536790""",3.0,Summersdale,Hardcover,208,2015,2015,2018/01/06,2018/01/05,,,read,"Relaxing, full of beautiful quotes, surprised me with the varieties of teas that are presented, perfect with a cup of tea, interesting recipes and easy to read",,,1,0
36762181,Un șir infinit de țestoase,John  Green,"Green, John",,"=""""","=""""",4.0,Trei,Paperback,288,2017,2017,2017/12/26,2017/12/24,,,read,,,,1,0
20737010,Fahrenheit 451,Ray Bradbury,"Bradbury, Ray",Petre Solomon,"=""9731249710""","=""9789731249711""",5.0,ART,Hardcover,176,2013,1963,2017/12/23,2017/12/22,,,read,,,,1,0
2153110,Secretul doctorului Honigberger. Nopţi la Serampore,Mircea Eliade,"Eliade, Mircea",,"=""9735004097""","=""9789735004095""",5.0,Humanitas,Paperback,144,2003,1940,2017/12/22,2017/12/22,,,read,,,,1,0
48131,"Birds, Beasts and Relatives (Corfu Trilogy, #2)",Gerald Durrell,"Durrell, Gerald",,"=""0140043853""","=""9780140043853""",4.0,Penguin Books,Paperback,248,1977,1969,2017/12/09,2017/12/08,,,read,,,,1,0
30809689,Norse Mythology,Neil Gaiman,"Gaiman, Neil",,"=""039360909X""","=""9780393609097""",5.0,W. W. Norton & Company,Hardcover,299,2017,2017,2017/11/13,2017/03/12,,,read,,,,1,0
27852844,Frankenstein,Mary Wollstonecraft Shelley,"Shelley, Mary Wollstonecraft",,"=""178487163X""","=""9781784871635""",5.0,Vintage Classics,Paperback,231,2016,1818,2017/10/04,2017/09/24,,,read,,,,1,0
28952207,Sonete / Sonnets,William Shakespeare,"Shakespeare, William",Gheorghe Tomozei,"=""9738890039""","=""9789738890039""",4.0,"Pandora M, TREI",Paperback,160,2016,1609,2017/09/23,2017/09/05,,,read,,,,1,0
18776025,Grădina de dincolo. Zoosophia: Comentarii mitologice,Andrei Oișteanu,"Oișteanu, Andrei",,"=""9734625608""","=""9789734625604""",4.0,Polirom,Paperback,248,2012,1980,2017/09/23,2017/09/21,,,read,,,,1,0
24866476,Elixirul dragostei,Éric-Emmanuel Schmitt,"Schmitt, Éric-Emmanuel",Doru Mareș,"=""""","=""""",5.0,Humanitas Fiction,Paperback,158,2015,2014,2017/03/05,2017/03/05,,,read,,,,1,0
24817626,Go Set a Watchman,Harper Lee,"Lee, Harper",,"=""0062409859""","=""9780062409850""",3.0,HarperCollins,Hardcover,278,2015,2015,2017/09/12,2017/07/16,,,read,,,,1,0
28143527,"Ultima noapte de dragoste, întîia noapte de război / Patul lui Procust",Camil Petrescu,"Petrescu, Camil",,"=""""","=""""",3.0,Eminescu,Paperback,591,1985,,2017/09/08,2017/07/31,,,read,"Nu pot zice ca a fost groaznic, pentru ca as minti. Pot spune doar ca e o carte diferita din punctul de vedere al tehnicilor de scriere, dar nu neaparat ce este unic este si bun. O experienta de lectura care iti pune rabdarea la incercare, dar cumva face sa se merite acest lucru pe final",,,1,0
28799261,Crimă și pedeapsă,Fyodor Dostoevsky,"Dostoevsky, Fyodor",Adriana Liciu,"=""""","=""9789734658664""",5.0,Polirom,Paperback,632,2016,1866,2017/09/02,2017/08/24,,,read,,,,1,0
33913847,Noaptea de foc,Éric-Emmanuel Schmitt,"Schmitt, Éric-Emmanuel",Marieva Ionescu,"=""606779103X""","=""9786067791037""",5.0,Humanitas Fiction,Paperback,200,2017,2015,2017/08/24,2017/08/24,,,read,,,,1,0
16044452,Pe când eram o operă de artă,Éric-Emmanuel Schmitt,"Schmitt, Éric-Emmanuel",Marieva Cătălina Ionescu,"=""9736894843""","=""9789736894848""",4.0,Humanitas,13x20 cm,224,2011,2002,2017/08/22,2017/08/22,,,read,,,,1,0
4638006,Noaptea de Sânziene (Vol. 1+2),Mircea Eliade,"Eliade, Mircea",,"=""9736753980""","=""9789736753985""",0,Litera ,Hardcover,720,2010,1955,,2017/01/31,to-read,to-read (#14),to-read,,,,0,0
13612204,Să nu mă părăsești,Kazuo Ishiguro,"Ishiguro, Kazuo",Vali Florescu,"=""9734620207""","=""9789734620203""",5.0,Polirom,Paperback,324,2011,2005,2017/08/22,2017/08/19,,,read,"Atat cartea, cat si filmul nu m-au lasat in pace timp de zile intregi (nici acum nu o fac). Poate pentru ca m-a marcat la o varsta frageda? Poate pentru ca prin natura sa, povestea este una cutremuratoare prin posibilitatile pe care le intrezareste? Sau poate pentru ca apeleaza la natura umana a fiecaruia pentru a intelege ce se intampla in jurul nostru?",,,1,0
929,Memoirs of a Geisha,Arthur Golden,"Golden, Arthur",,"=""1400096898""","=""9781400096893""",0,Vintage Books USA,Mass Market Paperback,503,2005,1997,,2017/08/19,to-read,to-read (#13),to-read,,,,0,0
17698919,O mie nouă sute optzeci și patru,George Orwell,"Orwell, George",Mihnea Gafiţa,"=""9734632027""","=""9789734632022""",5.0,Polirom,Mass Market Paperback,348,2012,1949,2017/08/18,2017/03/20,,,read,"Wow - desi la inceput nu eram atat de convinsa de ea, cartea a inceput sa ma surprinda si sa ma loveasca in forta la partea a doua. Pana atunci, ma gandeam ca e doar o alta distopie. Acum, o consider una dintre cartile mele preferate",,,1,0
30319468,Scrisoare către tata,Franz Kafka,"Kafka, Franz","Mircea Ivănescu, Ioana Pârvulescu","=""9736896404""","=""9789736896408""",4.0,Humanitas,Hardcover,144,2016,1919,2017/08/08,2017/08/08,,,read,,,,1,0
27406261,"Demigods and Magicians (Demigods & Magicians, #1-3)",Rick Riordan,"Riordan, Rick",,"=""0141367288""","=""9780141367286""",5.0,Puffin,Paperback,213,2016,2016,2017/08/07,2017/08/06,,,read,,,,1,0
1290168,Amerika,Franz Kafka,"Kafka, Franz",,"=""0805209441""","=""9780805209440""",0,SCHOCKEN BOOKS INC,Paperback,299,1974,1927,,2017/08/02,to-read,to-read (#12),to-read,,,,0,0
33630054,"Sabia Verii (Magnus Chase and the Gods of Asgard, #1)",Rick Riordan,"Riordan, Rick",,"=""6067880776""","=""9786067880779""",5.0,Editura Arthur,Hardcover,568,2016,2015,2017/08/02,2017/08/01,,,read,"Oricum te-ai simti, cartile lui Rick Riordan sunt acolo sa iti taie respiratia, sa iti lipeasca degetele de pagini si de coperte, iar mintea sa iti zboare alaturi de eroii sai. Pentru mine, perioada urmatoare terminarii unei carti precum ""Sabia verii"" este negresit diagnosticata ca ""book hangover """,,,1,0
29987050,Otrava iubirii,Éric-Emmanuel Schmitt,"Schmitt, Éric-Emmanuel",Liliana Donose Samuelsson,"=""6067790459""","=""9786067790450""",5.0,Humanitas Fiction,ebook,144,2016,2014,2017/07/31,2017/07/31,,,read,,,,1,0
12646019,Fata cu cercel de perlă,Tracy Chevalier,"Chevalier, Tracy",,"=""9736812839""","=""9789736812835""",5.0,Polirom,Paperback,312,2003,1999,2017/07/28,2017/06/24,,,read,,,,1,0
7492710,Sărmanul Dionis,Mihai Eminescu,"Eminescu, Mihai",,"=""""","=""""",5.0,Corint - Grup editorial,Paperback,192,2003,1872,2017/07/26,2017/07/26,,,read,,,,1,0
19571626,Povestea porcului,Ion Creangă,"Creangă, Ion",Filimon Hămuraru,"=""9975107435""","=""9789975107433""",3.0,Silvius Libris,Paperback,24,2012,1876,2017/07/26,2017/07/25,,,read,,,,1,0
11324775,Minunata lume nouă,Aldous Huxley,"Huxley, Aldous","Suzana Bantaş, Andrei Bantaș","=""9734619594""","=""9789734619597""",5.0,Polirom,Paperback,275,2011,1932,2017/07/21,2017/07/17,,,read,,,,1,0
24841558,Portretul lui Dorian Gray,Oscar Wilde,"Wilde, Oscar",,"=""""","=""""",5.0,,Unknown Binding,252,2012,1890,2017/07/15,2017/07/10,,,read,,,,2,0
33018972,Vegetariana,Han Kang,"Kang, Han",Iolanda Prodan,"=""6067104288""","=""9786067104288""",3.0,Editura Art,Paperback,248,2016,2007,2017/07/06,2017/07/06,,,read,,,,1,0
778255,Ion,Liviu Rebreanu,"Rebreanu, Liviu",,"=""0720646502""","=""9780720646504""",4.0,Dufour Editions,Hardcover,416,1965,1920,2017/07/06,2017/07/06,,,read,,,,1,0
24202398,Marele uriaș prietenos,Roald Dahl,"Dahl, Roald","Quentin Blake, Alexandra Columban","=""6068044408""","=""9786068044408""",5.0,Art,Hardcover,244,2013,1982,2017/07/01,2017/07/06,,,read,,,,1,0
25369224,"Toporișca (Brian's Saga, #1)",Gary Paulsen,"Paulsen, Gary",Andreea Caleman,"=""""","=""9786068044484""",0,Arthur,Hardcover,168,2013,1987,,2017/07/06,,,read,,,,1,0
16904827,"Tabăra (Holes, #1)",Louis Sachar,"Sachar, Louis",,"=""""","=""9786068044156""",0,Editura Arthur,Hardcover,266,2012,1998,,2017/07/06,,,read,,,,1,0
10787281,La ţigănci & Pe strada Mîntuleasa (The Gypsy / Mîntuleasa Street),Mircea Eliade,"Eliade, Mircea",,"=""9735006405""","=""9789735006402""",5.0,Humanitas,Unknown Binding,321,2004,1963,2017/06/27,2017/06/26,,,read,,,,1,0
29358487,Tales of the Peculiar,Ransom Riggs,"Riggs, Ransom",Andrew   Davidson,"=""0399538534""","=""9780399538537""",4.0,Dutton Books,Hardcover,170,2016,2016,2017/06/19,2017/06/26,,,read,,,,1,0
17250,The Crucible,Arthur Miller,"Miller, Arthur",Christopher W.E. Bigsby,"=""0142437336""","=""9780142437339""",5.0,Penguin Books,Paperback,143,2003,1953,2017/06/26,2017/06/24,,,read,,,,1,0
16146632,Iarba roşie,Boris Vian,"Vian, Boris",Nicolette Tiloi,"=""9993186511""","=""9789993186519""",4.0,Univers,Paperback,128,2012,1950,2017/06/24,2017/06/24,,,read,,,,1,0
18080596,Oceanul de la capătul aleii,Neil Gaiman,"Gaiman, Neil",Iulia Dromereschi,"=""9731249001""","=""9789731249001""",5.0,Paladin,Hardcover,195,2013,2013,2017/06/24,2017/06/23,,,read,"The kind of story you don't need to understand, but let it take you through the pages like the waves of the ocean and bring you back when you are ready.",,,1,0
7863274,Graffiti Moon,Cath Crowley,"Crowley, Cath",,"=""0330425781""","=""9780330425780""",4.0,Pan Macmillan Australia,Paperback,264,2010,2010,2017/06/22,2017/03/10,,,read,,,,1,0
12483178,Lolita,Vladimir Nabokov,"Nabokov, Vladimir",Horia Florian Popescu,"=""9734619004""","=""9789734619009""",5.0,Polirom,Paperback,324,2011,1955,2017/06/22,2017/06/15,,,read,,,,1,0
22009585,Maestrul de ceai,Yasushi Inoue,"Inoue, Yasushi",Anca Focşeneanu,"=""9736897168""","=""9789736897160""",3.0,Humanitas Fiction,Paperback,200,2014,1981,2017/06/15,2017/06/13,,,read,,,,1,0
22557272,The Girl on the Train,Paula Hawkins,"Hawkins, Paula",,"=""1594633665""","=""9781594633669""",5.0,Riverhead Books,Hardcover,336,2015,2015,2017/06/13,2017/01/25,,,read,,,,1,0
778267,Pădurea spânzuraţilor,Liviu Rebreanu,"Rebreanu, Liviu",,"=""9739132308""","=""9789739132305""",5.0,,Paperback,316,,1922,2017/06/13,2017/06/05,,,read,,,,1,0
13624683,Sutton,J.R. Moehringer,"Moehringer, J.R.",,"=""1401323146""","=""9781401323141""",5.0,Hyperion,Hardcover,334,2012,2012,2017/06/02,2017/05/30,,,read,,,,1,0
23353593,"Tokyo Ghoul, Vol. 1 (Tokyo Ghoul, #1)",Sui Ishida,"Ishida, Sui",Joe Yamazaki,"=""1421580365""","=""9781421580364""",3.0,VIZ Media LLC,Paperback,224,2015,2012,2017/06/01,2017/05/29,,,read,,,,1,0
15829476,Teatru I - Cântăreaţa cheală. Lecţia,Eugène Ionesco,"Ionesco, Eugène",,"=""9735005603""","=""9789735005603""",4.0,Humanitas,Paperback,164,2003,1961,2017/05/29,2017/05/29,,,read,,,,1,0
28098329,My Grandmother Sends Her Regards and Apologises,Fredrik Backman,"Backman, Fredrik",,"=""1444775855""","=""9781444775853""",4.0,Sceptre,Paperback,368,2016,2013,2017/05/28,2017/05/28,,,read,Nu am mai plans si ras in acelasi timp la o carte de sute de eternitati :))),,,1,0
15786447,Gaițele. Nunta din Perugia,Alexandru Kirițescu,"Kirițescu, Alexandru",,"=""""","=""9789735916442""",5.0,Gramar,Paperback,160,2002,1932,2017/05/24,2017/05/23,,,read,,,,1,0
27858676,Dacă într-o noapte de iarnă un călător,Italo Calvino,"Calvino, Italo",Anca Giurescu,"=""6067102293""","=""9786067102291""",4.0,Art,Hardcover,288,2015,1979,2017/04/22,2017/04/20,,,read,,,,1,0
27858750,Povestea slujitoarei,Margaret Atwood,"Atwood, Margaret",Diana Marin-Caea,"=""""","=""""",5.0,Art,Hardcover,402,2015,1985,2017/05/16,2017/05/13,,,read,,,,1,0
2657,To Kill a Mockingbird,Harper Lee,"Lee, Harper",,"=""0060935464""","=""9780060935467""",5.0,Harper Perennial Modern Classics ,Paperback,323,2006,1960,2017/05/09,2017/01/25,,,read,,,,1,0
14800608,The Murders in the Rue Morgue and Other Tales,Edgar Allan Poe,"Poe, Edgar Allan",,"=""0141198974""","=""9780141198972""",0,Penguin Classics,Paperback,320,2012,1841,,2017/04/17,to-read,to-read (#11),to-read,,,,0,0
13305202,Orele,Michael Cunningham,"Cunningham, Michael",Magda Teodorescu,"=""9734621750""","=""9789734621750""",5.0,Polirom,Mass Market Paperback,204,2011,1998,2017/04/16,2017/04/15,,,read,"Nu am putut sa o las din mana, iar filmul este de asemenea foarte bun. Mi-au placut temele tratate si intrebarile, gandurile pe care ti le provoaca dupa ce devorezi paginile pe nerasuflate",,,1,0
34456376,Fata cu fragi,Lisa  Stromme,"Stromme, Lisa",Irina Bojin,"=""""","=""""",0,Humanitas Fiction,Paperback,320,2017,2016,,2017/04/15,to-read,to-read (#10),to-read,,,,0,0
29056083,"Harry Potter and the Cursed Child: Parts One and Two (Harry Potter, #8)",J.K. Rowling,"Rowling, J.K.","Jack Thorne, John Tiffany","=""0540027340""","=""9780540027347""",3.0,"Little, Brown",Hardcover,343,2016,2016,,2017/04/08,,,read,,,,1,0
4766871,Rusoaica,Gib I. Mihăescu,"Mihăescu, Gib I.",,"=""9732102144""","=""9789732102145""",4.0,Minerva,Paperback,296,1990,1932,2017/04/08,2017/04/08,,,read,,,,1,0
16281288,Cea mai frumoasă carte din lume,Éric-Emmanuel Schmitt,"Schmitt, Éric-Emmanuel",,"=""9736894126""","=""9789736894121""",5.0,Humanitas Fiction,Paperback,0,2011,2006,2017/04/03,2017/04/03,,,read,,,,1,0
16068905,Fangirl,Rainbow Rowell,"Rowell, Rainbow",,"=""""","=""""",0,St. Martin's Griffin,ebook,483,2013,2013,,2017/04/01,to-read,to-read (#9),to-read,,,,0,0
26257561,Profesorul și menajera,Yōko Ogawa,"Ogawa, Yōko",Anca Focşeneanu,"=""9736899373""","=""9789736899379""",5.0,Humanitas,Paperback,204,2015,2003,2017/03/25,2017/03/25,,,read,,,,1,0
4588176,Adela,Garabet Ibrăileanu,"Ibrăileanu, Garabet",,"=""9735650061""","=""9789735650063""",4.0,Litera,Hardcover,136,2009,1933,2017/03/21,2017/03/20,,,read,,,,1,0
15770865,Accidentul. Orașul cu salcâmi,Mihail Sebastian,"Sebastian, Mihail",,"=""""","=""9789731999807""",0,Adevărul ,Hardcover,445,2009,1974,,2017/03/20,to-read,to-read (#8),to-read,,,,0,0
13485669,Romancierul naiv şi sentimental,Orhan Pamuk,"Pamuk, Orhan",,"=""9734624571""","=""9789734624577""",5.0,Polirom,Paperback,184,2012,2010,2017/03/19,2017/03/16,,,read,,,,1,0
1230570,Romanul adolescentului miop,Mircea Eliade,"Eliade, Mircea",,"=""9732100192""","=""9789732100196""",5.0,Editura Cartex,Paperback,336,1928,1989,2017/03/16,2017/02/09,,,read,,,,1,0
13104655,Un om sfârşit,Giovanni Papini,"Papini, Giovanni",Ștefan Augustin Doinaș,"=""9734621610""","=""9789734621613""",4.0,Polirom,Paperback,240,2011,1913,,2017/03/01,,,read,""" Ma prezint in fata ochilor vostri reci cu toate durerile, sperantele si slabiciunile mele. Nu cer mila, nici ingaduinta, nici laude, nici mangaieri, ci numai trei sau patru ore din viata voastra. Iar daca, dupa ce m-ati ascultat, veti continua sa credeti, in ciuda vorbelor mele, ca sunt intr-adevar un om sfarsit, va trebui cel putin sa recunoasteti ca sunt sfarsit pentru ca m-am apucat de prea multe lucruri si ca nu mai sunt nimic pentru ca am vrut sa fiu totul.""- Giovanni Papini",,,2,0
17199504,"The Bone Season (The Bone Season, #1)",Samantha Shannon,"Shannon, Samantha",,"=""1620401398""","=""9781620401392""",0,Bloomsbury USA,Hardcover,466,2013,2013,,2017/03/16,,,read,,,,1,0
426504,Ficciones,Jorge Luis Borges,"Borges, Jorge Luis","Anthony Kerrigan, Anthony Bonner","=""0802130305""","=""9780802130303""",0,Grove Press,Paperback,174,1994,1944,,2017/03/14,to-read,to-read (#7),to-read,,,,0,0
33644237,Falsificatorii de bani / Porumbelul,André Gide,"Gide, André","Mihai Murgu, Ileana Cantuniari","=""6068516156""","=""9786068516158""",5.0,Editura RAO,Hardcover,430,2016,,2017/03/11,2017/03/10,,,read,,,,1,0
12649718,"Me Before You (Me Before You, #1)",Jojo Moyes,"Moyes, Jojo",,"=""0718157834""","=""9780718157838""",5.0,Michael Joseph (UK),Paperback,497,2012,2012,,2017/01/25,,,read,,,,1,0
17993636,O mie de cocori,Yasunari Kawabata,"Kawabata, Yasunari",George T. Sipos,"=""9735027402""","=""9789735027407""",5.0,Humanitas,Paperback,136,2010,1952,2017/02/22,2017/02/19,,,read,,,,1,0
22920772,Printre tonuri cenușii,Ruta Sepetys,"Sepetys, Ruta",Gabriela Stoica,"=""6069356543""","=""9786069356548""",0,Epica,Paperback,320,2014,2011,,2017/02/21,to-read,to-read (#6),to-read,,,,0,0
32718394,Zgomotul timpului,Julian Barnes,"Barnes, Julian",Virgil Stanciu,"=""6067586223""","=""9786067586220""",0,Nemira,Paperback,208,2016,2016,,2017/02/19,to-read,to-read (#5),to-read,,,,0,0
18514025,Băiatul cu pijamale în dungi,John Boyne,"Boyne, John",Lucia Ostafi-Iliescu,"=""9731037047""","=""9789731037042""",5.0,RAO,Paperback,224,2008,2006,,2017/02/19,,,read,,,,1,0
15745753,Eleanor & Park,Rainbow Rowell,"Rowell, Rainbow",,"=""1250012570""","=""9781250012579""",5.0,St. Martin's Press,Hardcover,328,2013,2012,2017/02/16,2017/02/09,,,read,"I felt like parts of my life and experience in this world have been simply brought into a book. I tried to read it slowly, to feel the power and emotion of every word inside the pages. Their love story is different, as wonderful as the characters who won my heart. I enjoyed the open ending, it is the best way of letting the reader give life to the love between Eleanor and Park. I think that somehow and somewhere, everyone will find his own brave Eleanor and her amazing Park, the different parts  used to complete the heart's puzzle.",,,2,0
18050379,Flori pentru Algernon,Daniel Keyes,"Keyes, Daniel",,"=""9731248927""","=""9789731248929""",5.0,Editura Art,Hardcover,312,2013,1966,,2017/02/15,,,read,,,,1,0
39988,Matilda,Roald Dahl,"Dahl, Roald",Quentin Blake,"=""043512398X""","=""9780435123987""",5.0,New Windmills,Hardcover,240,1992,1988,,2017/02/15,,,read,,,,2,0
5107,The Catcher in the Rye,J.D. Salinger,"Salinger, J.D.",,"=""0316769177""","=""9780316769174""",5.0,Back Bay Books,Paperback,277,2001,1951,,2017/01/25,,,read,,,,2,0
27855953,"Orașul pustiu (Miss Peregrine's Peculiar Children, #2)",Ransom Riggs,"Riggs, Ransom",Gabriella Eftimie,"=""6069384997""","=""9786069384992""",4.0,Art,Hardcover,472,2015,2014,,2017/02/10,,,read,,,,1,0
17689,Franz Kafka's The Castle (Dramatization),David Fishelson,"Fishelson, David","Aaron Leichter, Max Brod, Franz Kafka","=""082221900X""","=""9780822219002""",0,Dramatist's Play Service,Paperback,59,2003,2003,,2017/02/10,to-read,to-read (#4),to-read,,,,0,0
6201877,De veghe în lanul de secară,J.D. Salinger,"Salinger, J.D.","Catinca Ralea, Lucian Bratu","=""9736838803""","=""9789736838804""",5.0,Polirom,Paperback,264,2001,1951,2017/02/10,2017/02/10,,,read,,,,2,0
18266,Gargantua and Pantagruel,François Rabelais,"Rabelais, François",M.A. Screech,"=""0140445501""","=""9780140445503""",4.0,Penguin Classics,Paperback,1041,2006,1532,,2017/02/10,,,read,,,,1,0
3972321,Spuma zilelor,Boris Vian,"Vian, Boris",Sorin Mărculescu,"=""9735010453""","=""""",5.0,Humanitas,Paperback,176,2005,1947,,2017/02/10,,,read,,,,1,0
7140960,Zei americani,Neil Gaiman,"Gaiman, Neil",Liviu Radu,"=""9737330706""","=""9789737330703""",5.0,Tritonic,Paperback,640,2006,2001,2017/02/05,2017/02/07,,,read,"At first, I didn't know what to think of it, I felt like reading an adult version of Percy Jackson, but I discovered some details that left strange ideas and questions. From my point of view, this book is not about gods and magic, it's about people who forgot who they truly are and where they come from.<br/>It is an amazing novel and I recommend it to anyone who wants to travel, dream, hope and , not last, remember the gods.",,,1,0
9144393,Narcis și Gură-de-Aur,Hermann Hesse,"Hesse, Hermann",,"=""9735760096""","=""""",3.0,RAO,Paperback,315,1995,1930,2017/01/24,2017/01/26,,,read,,,,1,0
2256422,Craii de Curtea-Veche,Mateiu I. Caragiale,"Caragiale, Mateiu I.",,"=""9975743625""","=""""",4.0,Litera,Paperback,280,2004,1929,2017/01/11,2017/01/26,,,read,,,,1,0
29343482,Banchetul sau Despre iubire,Plato,"Plato, Plato",Petru Creţia,"=""9735031639""","=""9789735031633""",5.0,Humanitas,Mass Market Paperback,188,2011,-380,2017/01/03,2017/01/26,,,read,,,,1,0
4318,Monsieur Ibrahim and the Flowers of the Qur'an,Éric-Emmanuel Schmitt,"Schmitt, Éric-Emmanuel","Patricia Benecke, Patrick Driver","=""0413775909""","=""9780413775900""",5.0,Methuen Drama,Hardcover,42,2006,2001,2017/01/26,2017/01/26,,,read,,,,1,0
25276912,Studii despre iubire,José Ortega y Gasset,"Gasset, José Ortega y",,"=""9735036312""","=""9789735036317""",5.0,Humanitas,Paperback,249,2012,1940,2017/01/05,2017/01/25,,,read,,,,1,0
7190,The Three Musketeers,Alexandre Dumas,"Dumas, Alexandre","Richard Pevear, Philip Bates, William Barrow, August Zoller, Marisa Zini, Moshe Ukkle, Pierre Toutain-Dorbec, John      Lee, Jacques Georges Clemenc Le Clercq, Natalie Montoto, S.M. Sheley, Daniel Rasmusson, Louis Jourdan, Walter Covell, Michael  Page, Michael Hugh Johnson, Sylvie Thorel-Cailleteau, Milo Winter, Bill Homewood, Arthur Paul John Charles James Gore Sudley, S.N. Rizvi, Giorgio Manganelli, William Robson, Isabel Ely Lord","=""""","=""""",4.0,Modern Library,Paperback,625,2001,1844,,2017/01/26,,,read,,,,1,0
27562700,Mințile lui Billy Milligan,Daniel Keyes,"Keyes, Daniel",Iulia Arsintescu,"=""""","=""9786069396223""",5.0,Editura Arthur,Hardcover,584,2015,1981,,2017/01/25,,,read,,,,1,0
17229411,Monștri: Un bestiar al bizarului,Christopher Dell,"Dell, Christopher",,"=""9731245065""","=""9789731245065""",0,Editura Art,Hardcover,192,2010,2010,2017/01/25,2017/01/25,,,read,,,,1,0
25041504,"After You (Me Before You, #2)",Jojo Moyes,"Moyes, Jojo",,"=""""","=""""",5.0,Pamela Dorman Books,ebook,353,2015,2015,,2017/01/25,,,read,,,,1,0
4588,Extremely Loud & Incredibly Close,Jonathan Safran Foer,"Foer, Jonathan Safran",,"=""0618711651""","=""9780618711659""",5.0,Mariner Books Classics,Paperback,326,2006,2005,,2017/01/25,,,read,,,,1,0
77203,The Kite Runner,Khaled Hosseini,"Hosseini, Khaled",,"=""159463193X""","=""9781594631931""",5.0,Riverhead Books,Paperback,371,2004,2003,,2017/01/25,,,read,,,,1,0
3,"Harry Potter and the Sorcerer's Stone (Harry Potter, #1)",J.K. Rowling,"Rowling, J.K.",,"=""0439554934""","=""9780439554930""",5.0,Scholastic Inc,Hardcover,309,2003,1997,,2017/01/25,,,read,,,,1,0
2767052,"The Hunger Games (The Hunger Games, #1)",Suzanne Collins,"Collins, Suzanne",,"=""0439023483""","=""9780439023481""",3.0,Scholastic Press,Hardcover,374,2008,2008,,2017/01/25,,,read,,,,1,0
2932,Robinson Crusoe,Daniel Defoe,"Defoe, Daniel",Virginia Woolf,"=""""","=""""",2.0,Modern Library,Hardcover,320,2001,1719,,2017/01/25,,,read,,,,1,0
7733,Gulliver’s Travels,Jonathan Swift,"Swift, Jonathan",,"=""0141439491""","=""9780141439495""",4.0,Penguin,Paperback,306,2017,1726,,2017/01/25,,,read,,,,1,0
18254,Oliver Twist,Charles Dickens,"Dickens, Charles",Philip Horne,"=""""","=""""",5.0,Penguin Books,Paperback,608,2003,1838,,2017/01/25,,,read,,,,1,0
13023,Alice in Wonderland,Jane Carruth,"Carruth, Jane","Lewis Carroll, Rene Cloke","=""0517223627""","=""9780517223628""",5.0,Gramercy,Hardcover,96,2004,1865,,2017/01/25,,,read,,,,1,0
32552,The Essential Tales and Poems of Edgar Allan Poe,Edgar Allan Poe,"Poe, Edgar Allan",Benjamin Franklin Fisher,"=""1593080646""","=""9781593080648""",0,Barnes & Noble Classics,Paperback,688,2004,1843,,2017/01/25,to-read,to-read (#3),to-read,,,,0,0
41684,The Jungle Books,Rudyard Kipling,"Kipling, Rudyard",Alev Lytle Croutier,"=""0451529758""","=""9780451529756""",5.0,Signet Classics,Mass Market Paperback,368,2005,1895,,2017/01/25,,,read,,,,1,0
24583,The Adventures of Tom Sawyer,Mark Twain,"Twain, Mark","Guy Cardwell, John Seelye, Mark Hallaq, Amanda Lee","=""""","=""9780143039563""",3.0,Penguin Classics,Paperback,244,2006,1876,,2017/01/25,,,read,,,,1,0
24280,Les Misérables,Victor Hugo,"Hugo, Victor","Norman MacAfee, Charles E. Wilbour, Lee Fahnestock, Isabel Florence Hapgood","=""0451525264""","=""9780451525260""",0,Signet Classics,Mass Market Paperback,1488,1987,1862,,2017/01/25,to-read,to-read (#2),to-read,,,,0,0
485894,The Metamorphosis,Franz Kafka,"Kafka, Franz",Stanley Corngold,"=""0553213695""","=""9780553213690""",5.0,Bantam Classics,Mass Market Paperback,201,1972,1915,,2017/01/25,,,read,,,,1,0
1081560,"The History of the Hobbit, Part One: Mr. Baggins",John D. Rateliff,"Rateliff, John D.",J.R.R. Tolkien,"=""0618968474""","=""9780618968473""",0,Houghton Mifflin Harcourt,Hardcover,467,2007,2007,,2017/01/25,to-read,to-read (#1),to-read,,,,0,0
74256,Le Petit Nicolas,René Goscinny,"Goscinny, René",Jean-Jacques Sempé,"=""2070364232""","=""9782070364237""",3.0,Folio,Mass Market Paperback,167,1988,1959,,2017/01/25,,,read,,,,1,0
67270,Emil and the Detectives,Erich Kästner,"Kästner, Erich",Walter Trier,"=""0099413124""","=""9780099413127""",2.0,,Paperback,224,1974,1929,,2017/01/25,,,read,,,,1,0
79121,The Happy Prince,Oscar Wilde,"Wilde, Oscar",Jane Ray,"=""0525453679""","=""9780525453673""",4.0,Dutton Juvenile,Hardcover,32,1995,1888,,2017/01/25,,,read,,,,1,0
120461,Oscar et la dame rose,Éric-Emmanuel Schmitt,"Schmitt, Éric-Emmanuel",,"=""2226135022""","=""9782226135025""",5.0,ALBIN MICHEL,Paperback,100,2002,2002,,2017/01/25,,,read,,,,1,0
157993,The Little Prince,Antoine de Saint-Exupéry,"Saint-Exupéry, Antoine de",Richard Howard,"=""0152023984""","=""9780152023980""",5.0,"Harcourt, Inc.",Hardcover,96,2000,1943,,2017/01/25,,,read,,,,1,0
